index,adress,arrondissement,date,school,lat,long
1,0,19,2014-11-17T20:00:00-05:00,Non,48.89567954,2.374509829
2,0,10,2008-03-24T21:00:00-04:00,Non,48.87728641,2.369974773
3,0,13,2006-07-06T22:00:00-04:00,Non,48.83484926,2.377050382
4,0,20,2015-03-02T20:00:00-05:00,Non,48.85250214,2.406448748
5,Rue Bretonneau,20,2020-09-14T20:00:00-04:00,Oui,48.8676677,2.403215166
6,Rue de Tourtille,20,2020-09-14T22:00:00-04:00,Oui,48.87232741,2.38031996
7,,4,2020-08-27T22:00:00-04:00,Non,48.85410702,2.35994918
8,,15,2020-08-27T22:00:00-04:00,Oui,48.84233197,2.27956682
9,0,14,2019-03-11T21:00:00-04:00,Non,48.82595784,2.305283217
10,Passage Beslay,11,,Non,48.86309238,2.373518475
11,0,19,,Non,48.87295542,2.377066424
12,0,18,2006-06-12T22:00:00-04:00,Non,48.88405574,2.343430721
13,,5,2020-09-03T22:00:00-04:00,Oui,48.83834686,2.346676337
14,Impasse des Bourdonnais,1,2021-07-05T20:00:00-04:00,Non,48.86049432,2.345162232
15,0,18,2019-04-29T22:00:00-04:00,Non,48.89530806,2.365027907
16,Rue Androuet,18,2021-07-05T20:00:00-04:00,Non,48.88575222,2.33852154
17,Rue Cavé,18,2021-03-29T20:00:00-04:00,Non,48.88666703,2.353132389
18,Allée Irène Némirovsky,15,,Non,48.84162065,2.283592577
19,0,19,,Non,48.8861286,2.380532196
20,0,4,,Non,48.85706542,2.357849313
21,Passage du Montenegro,19,,Non,48.87685144,2.400943193
22,,1,2019-02-11T20:00:00-05:00,Non,48.86037961,2.346152623
23,0,9,2008-01-14T20:00:00-05:00,Non,48.87492773,2.342992888
24,0,9,2007-01-22T20:00:00-05:00,Non,48.87306765,2.347363078
25,0,18,2005-06-09T22:00:00-04:00,Non,48.89496604,2.348707435
26,,4,2020-10-08T20:00:00-04:00,Non,48.85404225,2.363507237
27,,17,2021-03-08T19:00:00-05:00,Oui,48.89214998,2.325463914
28,,17,2021-03-08T19:00:00-05:00,Oui,48.8863401,2.302976864
29,,16,2020-08-27T22:00:00-04:00,Oui,48.85584385,2.274151305
30,Rue Francis de Miomandre,13,2022-05-19T22:00:00-04:00,Non,48.81807775,2.347731418
31,Rue Louise-Emilie de la Tour d'Auvergne,9,2022-05-26T22:00:00-04:00,Oui,48.87981196,2.340759033
32,Rue Geoffroy l'Asnier,4,2021-11-18T20:00:00-05:00,Oui,48.85495882,2.356622835
33,0,19,2017-06-29T22:00:00-04:00,Non,48.89819377,2.373200576
34,0,14,2009-12-10T20:00:00-05:00,Non,48.83552258,2.317839994
35,0,6,2009-12-10T20:00:00-05:00,Non,48.85299389,2.334014162
36,0,4,,Non,48.85400158,2.361768252
37,,12,2020-09-14T22:00:00-04:00,Oui,48.8404199,2.389878195
38,Zone Lévis,17,,Non,48.88303654,2.314389891
39,0,1,2018-12-03T20:00:00-05:00,Non,48.85874116,2.345707974
40,0,5,2009-12-14T20:00:00-05:00,Non,48.85241911,2.346086283
41,0,18,,Non,48.89917841,2.338275219
42,0,15,,Non,48.84494644,2.304589419
43,0,6,2009-12-10T20:00:00-05:00,Non,48.85525797,2.332988514
44,Rue Vauvenargues,18,2021-03-29T20:00:00-04:00,Oui,48.89234192,2.334324572
45,0,14,2009-12-10T20:00:00-05:00,Non,48.83371402,2.330336652
46,0,19,,Non,48.8868187,2.388960055
47,,12,2020-09-14T22:00:00-04:00,Non,48.84315326,2.388628831
48,0,8,2014-08-18T22:00:00-04:00,Non,48.87580769,2.325352878
49,Rue Henri Noguères,19,,Non,48.8845627,2.374654992
50,,9,2020-06-18T22:00:00-04:00,Non,48.8765882,2.327440859
51,Passage de Thionville,19,2022-02-17T20:00:00-05:00,Oui,48.88802206,2.382105383
52,0,20,,Non,48.87083821,2.38364105
53,0,16,,Non,48.87177506,2.291001519
54,Rue de la Guadeloupe,18,2021-03-29T20:00:00-04:00,Oui,48.89070888,2.362906944
55,0,19,,Non,48.87980299,2.393776438
56,0,7,,Non,48.86265145,2.300228276
57,Rue du Grenier Saint-Lazare,3,2019-07-25T22:00:00-04:00,Non,48.86299387,2.353238424
58,Rue Amelot entre rue de Crussol et rue Jean-Pierre Timbaud,11,2022-01-31T20:00:00-05:00,Oui,48.86435611,2.366746828
59,Place Emile Landrin,20,2022-08-15T20:00:00-04:00,Non,48.86409573,2.400470535
60,Rue d'Oran,18,,Oui,48.88901081,2.352617955
61,Passage Chanvin,13,2022-05-26T20:00:00-04:00,Non,48.83208877,2.371122451
62,0,19,,Non,48.88344142,2.385915449
63,,15,2020-08-27T22:00:00-04:00,Oui,48.83947731,2.29806096
64,0,18,2018-09-06T22:00:00-04:00,Non,48.89559899,2.363912829
65,Rue Edouard Quénu,5,,Non,48.83922687,2.34956148
66,0,7,,Non,48.86082796,2.325961764
67,Beaubourg,4,2021-12-02T20:00:00-05:00,Non,48.85830163,2.349803513
68,0,19,,Non,48.87611266,2.389265259
69,0,19,,Non,48.88592813,2.376837263
70,Rue Paul Abadie,18,,Non,48.89686344,2.335510099
71,0,15,2013-10-24T22:00:00-04:00,Non,48.84947882,2.282306281
72,0,17,,Non,48.88216924,2.317364209
73,0,4,,Non,48.85293453,2.348674223
74,Rue Bayen- rue Poncelet,17,,Non,48.87876307,2.296021354
75,0,18,2018-09-06T22:00:00-04:00,Non,48.89439858,2.360197444
76,,10,,Non,48.87396611,2.372482604
77,0,1,,Non,48.86564238,2.336756579
78,Rue du Nord,18,,Non,48.89312215,2.349848676
79,Zac Bercy,12,1999-06-14T22:00:00-04:00,Non,48.83530215,2.386547283
80,Place Alphone Allais,20,,Non,48.87058189,2.382059628
81,,16,2020-08-27T22:00:00-04:00,Oui,48.84205137,2.263464222
82,,17,2021-03-08T19:00:00-05:00,Oui,48.88981463,2.324684421
83,,17,2021-03-08T19:00:00-05:00,Oui,48.88745003,2.311796928
84,Rue du Pont Neuf,1,2021-07-05T20:00:00-04:00,Non,48.85917053,2.343283205
85,Passage Driancourt,12,2022-02-21T20:00:00-05:00,Non,48.84934651,2.38040018
86,Rue de Moussy,4,2021-11-18T20:00:00-05:00,Oui,48.85765104,2.355644792
87,0,18,,Non,48.8906479,2.361329758
88,0,3,2016-07-11T22:00:00-04:00,Non,48.8595302,2.362525485
89,0,2,2007-10-18T22:00:00-04:00,Non,48.86805895,2.337189803
90,0,13,,Non,48.82643112,2.35404034
91,0,2,2007-01-08T20:00:00-05:00,Non,48.86853668,2.352268402
92,0,13,2006-08-10T22:00:00-04:00,Non,48.83522095,2.378005526
93,Rue Blanchard,20,2019-10-07T20:00:00-04:00,Non,48.85754667,2.4104505
94,Rue des Perchamps,16,2021-08-19T20:00:00-04:00,Oui,48.84920898,2.267922623
95,0,18,2018-09-10T22:00:00-04:00,Non,48.89598294,2.347668849
96,0,10,,Non,48.87287382,2.358344489
97,0,14,2007-02-12T20:00:00-05:00,Non,48.82607074,2.308398263
98,Rue Eugène Spuller,3,2019-07-08T22:00:00-04:00,Non,48.86404517,2.361444827
99,0,2,,Non,48.87077521,2.337703533
100,,18,2022-08-09T22:00:00-04:00,Oui,48.8835085,2.340741315
101,0,19,,Non,48.87991085,2.395074148
102,Zac Bercy,12,1999-06-14T22:00:00-04:00,Non,48.83448314,2.386876972
103,0,9,2005-11-17T20:00:00-05:00,Non,48.87417168,2.337862972
104,Rue de l'Elysée Ménilmontant,20,,Non,48.86913039,2.386441856
105,0,17,,Non,48.88329947,2.324036826
106,0,3,,Non,48.86400525,2.357703118
107,0,6,2009-12-10T20:00:00-05:00,Non,48.85286175,2.343488077
108,0,20,2010-10-07T22:00:00-04:00,Non,48.86585471,2.391058742
109,0,18,2007-08-13T22:00:00-04:00,Non,48.89106732,2.360735726
110,0,1,1999-06-17T22:00:00-04:00,Non,48.86320487,2.336092476
111,0,19,,Non,48.88263515,2.382129342
112,0,15,2001-01-03T20:00:00-05:00,Non,48.84460892,2.277786935
113,,13,2020-12-07T19:00:00-05:00,Oui,48.82062215,2.368872349
114,0,5,,Non,48.8518223,2.344560099
115,Villa Victor Hugo,16,2022-06-30T22:00:00-04:00,Non,48.86773674,2.279334557
116,Rue Huygens,14,2021-09-06T20:00:00-04:00,Oui,48.84089864,2.328745717
117,,9,2022-08-22T20:00:00-04:00,Non,48.87504501,2.339995292
118,Promenade Claude Levi-Strauss,13,2022-05-26T20:00:00-04:00,Non,48.83254056,2.373421381
119,0,12,2008-09-04T22:00:00-04:00,Non,48.8453596,2.380147071
120,0,1,2016-02-15T19:00:00-05:00,Non,48.86326477,2.338132385
121,0,16,,Non,48.85534023,2.26205844
122,0,18,2012-06-21T20:00:00-04:00,Non,48.88972957,2.352458055
123,0,17,2005-05-19T22:00:00-04:00,Non,48.88865181,2.320984978
124,0,18,2006-06-12T22:00:00-04:00,Non,48.88667669,2.340784487
125,zone Père Lachaise,20,2018-09-27T22:00:00-04:00,Non,48.86465616,2.397574467
126,0,20,2009-10-26T21:00:00-04:00,Non,48.85603801,2.401503029
127,Rue Prisse d’Avennes,14,2021-09-20T22:00:00-04:00,Oui,48.82520163,2.328297535
128,Rue Eblé,7,2021-10-04T22:00:00-04:00,Oui,48.84900267,2.313271039
129,0,17,,Non,48.88065531,2.292435924
130,0,14,2009-12-10T20:00:00-05:00,Non,48.83333344,2.313364779
131,0,3,,Non,48.86687042,2.353700643
132,0,15,,Non,48.83882432,2.279818503
133,,16,2020-09-24T22:00:00-04:00,Oui,48.87019849,2.290080009
134,0,11,2007-10-11T22:00:00-04:00,Non,48.85787928,2.379537599
135,Rue de Moscou,7,2021-09-02T20:00:00-04:00,Oui,48.88008757,2.326047157
136,Rue Cavé,18,2021-03-29T20:00:00-04:00,Non,48.88676119,2.355210581
137,Rue Schutzenberger,15,2022-04-04T22:00:00-04:00,Oui,48.85066714,2.288047775
138,Rue Jean Arp,13,2022-05-26T20:00:00-04:00,Non,48.83671621,2.373495056
139,0,19,,Non,48.88410357,2.387012902
140,0,11,,Non,48.86243569,2.374921871
141,0,7,,Non,48.85877302,2.319520368
142,0,15,,Non,48.85258235,2.283324521
143,Rue de la Michodière,2,,Non,48.87007394,2.334808381
144,Rue Saint-Luc,18,2021-03-29T20:00:00-04:00,Oui,48.88563008,2.354280465
145,0,18,,Non,48.89313179,2.342357725
146,,13,2020-10-01T22:00:00-04:00,Oui,48.83234905,2.358689161
147,0,20,,Non,48.87309555,2.389749686
148,0,10,,Non,48.87214912,2.362264419
149,0,17,,Non,48.88859353,2.30759097
150,0,20,2008-02-07T20:00:00-05:00,Non,48.86814441,2.393552345
151,Beaubourg,4,2021-12-02T20:00:00-05:00,Non,48.85843512,2.349233661
152,Rue du Colonell Moll,17,2022-02-03T20:00:00-05:00,Oui,48.87805525,2.289969579
153,0,18,2015-05-21T22:00:00-04:00,Non,48.88850712,2.362468766
154,,5,2020-12-21T19:00:00-05:00,Oui,48.8516146,2.345217648
155,0,16,,Non,48.86140877,2.289586784
156,Rue Emile Bollaert,19,,Non,48.89978617,2.377183565
157,0,19,,Non,48.88736697,2.39241138
158,Square Leibniz,18,2021-07-05T20:00:00-04:00,Non,48.89654189,2.332176711
159,Rue Jean-Pierre Timbaud,11,2021-08-12T20:00:00-04:00,Non,48.86570796,2.3696853
160,Berges de Seine Rive droite (circulation des véhicules terrestres interdite),1,2018-03-08T20:00:00-05:00,Non,48.85795111,2.343610907
161,Rue du Général Renault,11,2022-03-17T21:00:00-04:00,Oui,48.86132986,2.378253281
162,Impasse de la Grosse Bouteille,18,,Non,48.89491294,2.339583443
163,,15,2020-08-27T22:00:00-04:00,Oui,48.84005298,2.287640029
164,0,19,2009-10-26T21:00:00-04:00,Non,48.88739633,2.370944164
165,0,12,,Non,48.84688015,2.37086216
166,0,3,,Non,48.86468158,2.356083187
167,0,17,,Non,48.89723944,2.326993554
168,0,19,2009-10-26T21:00:00-04:00,Non,48.88826547,2.371932374
169,0,19,,Non,48.87975762,2.393344108
170,Rue Bretonneau,20,2020-09-14T20:00:00-04:00,Oui,48.86736025,2.402527836
171,,19,2020-10-19T20:00:00-04:00,Oui,48.88621596,2.379811392
172,0,20,2012-11-08T20:00:00-05:00,Non,48.86588655,2.396118308
173,0,19,2006-07-06T22:00:00-04:00,Non,48.87569452,2.383358169
174,0,5,2009-12-14T20:00:00-05:00,Non,48.851145,2.349524003
175,Passage Championnet,18,,Non,48.89561294,2.347126313
176,0,19,,Non,48.87857536,2.394501406
177,0,19,,Non,48.88520926,2.3919981
178,0,12,2018-11-08T20:00:00-05:00,Non,48.84871931,2.376277955
179,0,8,,Non,48.86887597,2.304850875
180,0,4,2014-09-18T20:00:00-04:00,Non,48.85357959,2.348103749
181,0,14,2009-12-10T20:00:00-05:00,Non,48.83538673,2.316322951
182,Impasse de la Baleine,11,,Non,48.86719712,2.377681188
183,0,10,2014-02-13T20:00:00-05:00,Non,48.87662602,2.363386302
184,Rue du Petit Musc,4,2021-12-20T20:00:00-05:00,Oui,48.8521728,2.363464015
185,Rue Audran,18,2021-07-29T20:00:00-04:00,Non,48.88511375,2.335887293
186,Rue Chernoviz,16,2022-03-31T20:00:00-04:00,Oui,48.85716555,2.282018792
187,Avenue Van Dyck,8,2022-07-18T22:00:00-04:00,Oui,48.87829769,2.305880147
188,,12,2020-09-14T20:00:00-04:00,Oui,48.8447407,2.412091374
189,0,12,2007-10-11T22:00:00-04:00,Non,48.8498653,2.380642888
190,Rue Cujas,5,2021-08-26T20:00:00-04:00,Oui,48.84806606,2.341998373
191,0,18,2006-06-12T22:00:00-04:00,Non,48.88333796,2.343705786
192,0,10,,Non,48.87687759,2.364226605
193,Zone Reuilly,12,,Non,48.84260691,2.387259849
194,0,14,2013-12-12T20:00:00-05:00,Non,48.83382818,2.320368834
195,0,5,2009-12-14T20:00:00-05:00,Non,48.84106907,2.349109445
196,Rue Pierre Foncin,20,2020-09-14T22:00:00-04:00,Oui,48.87145847,2.409970029
197,0,19,,Non,48.88221337,2.394745134
198,0,5,,Non,48.84948826,2.342736029
199,0,16,,Non,48.86939156,2.271986111
200,0,7,,Non,48.8631095,2.316253193
201,,13,2020-10-01T22:00:00-04:00,Oui,48.83166625,2.37159799
202,0,20,,Non,48.87160071,2.383285741
203,0,19,2014-09-29T22:00:00-04:00,Non,48.88904298,2.375783369
204,0,20,2010-10-07T22:00:00-04:00,Non,48.86564849,2.393806022
205,0,18,2013-08-08T22:00:00-04:00,Non,48.88904784,2.354935712
206,0,20,,Non,48.85457081,2.400938621
207,Rue Duméril,13,2022-04-28T22:00:00-04:00,Non,48.83771517,2.357419343
208,Avenue du Maréchal Lyautey,16,,Non,48.85101849,2.259278303
209,0,20,2007-05-28T22:00:00-04:00,Non,48.87464824,2.39392828
210,Rue de Tourtille- rue Lesage,20,,Non,48.87201992,2.381185099
211,0,5,,Non,48.85281452,2.345483447
212,Passage Saint-Ange,17,2021-07-05T20:00:00-04:00,Oui,48.89636741,2.327785113
213,Rue des Amandiers,20,2021-09-02T20:00:00-04:00,Oui,48.8679084,2.388605363
214,Villa Berthier,17,2021-07-05T20:00:00-04:00,Non,48.88520946,2.293045943
215,Rue Louise Bourgeois,13,2021-11-18T20:00:00-05:00,Oui,48.82650638,2.378687951
216,,12,2022-08-15T20:00:00-04:00,Non,48.83122041,2.416831361
217,Impasse de la Chapelle,18,2022-05-26T20:00:00-04:00,Non,48.89264025,2.359237427
218,0,20,2009-01-26T20:00:00-05:00,Non,48.86422172,2.388278131
219,0,19,2012-07-16T22:00:00-04:00,Non,48.89755008,2.382528036
220,0,2,2005-04-07T22:00:00-04:00,Non,48.86838759,2.35020965
221,0,19,,Non,48.88780131,2.381302645
222,Place Henri Frenay,12,,Non,48.84482796,2.377068194
223,0,20,2010-10-07T22:00:00-04:00,Non,48.86629758,2.388314493
224,Place des Fêtes,19,,Non,48.87689403,2.394296106
225,Rue de l'Arbre Sec,1,2021-07-05T20:00:00-04:00,Non,48.85976132,2.342066496
226,0,20,,Non,48.86791126,2.404376609
227,Zac Chalon,12,2005-06-30T22:00:00-04:00,Non,48.84475557,2.378847004
228,0,5,,Non,48.8525712,2.347103353
229,0,7,,Non,48.85880634,2.307885563
230,Rue de la Bastille,4,2019-06-13T22:00:00-04:00,Non,48.85380172,2.368399078
231,0,5,2009-12-14T20:00:00-05:00,Non,48.84827916,2.346671139
232,0,19,,Non,48.87690343,2.389428749
233,,18,2021-03-29T20:00:00-04:00,Oui,48.88636853,2.361019555
234,Rue de Mogador,9,2022-02-24T20:00:00-05:00,Non,48.87374686,2.331244957
235,0,10,,Non,48.87622075,2.362251853
236,0,17,,Non,48.87864177,2.291854477
237,0,13,,Non,48.84054412,2.369173044
238,Rue Christine de Pisan,17,,Non,48.89000846,2.307919113
239,,19,2020-10-19T20:00:00-04:00,Oui,48.88024904,2.371635975
240,0,19,2007-07-30T22:00:00-04:00,Non,48.88989147,2.378673475
241,Rue de la Présentation,11,2021-08-02T20:00:00-04:00,Oui,48.87085064,2.377155988
242,Rue de la Petite Corderie,3,2005-07-18T22:00:00-04:00,Non,48.86533756,2.362695044
243,0,20,2009-01-26T20:00:00-05:00,Non,48.87163202,2.378432288
244,0,5,,Non,48.84029946,2.349798683
245,0,13,,Non,48.82398282,2.362882473
246,0,12,2009-11-09T20:00:00-05:00,Non,48.85008679,2.382915382
247,0,1,,Non,48.86764168,2.331412376
248,0,6,2010-03-22T21:00:00-04:00,Non,48.85213646,2.336687781
249,0,11,2006-09-07T22:00:00-04:00,Non,48.86618638,2.371723412
250,,12,2020-09-14T20:00:00-04:00,Oui,48.84938106,2.376739379
251,Rue Boileau,16,2021-09-06T20:00:00-04:00,Oui,48.84132102,2.262528586
252,Esplanade Renée Lebas,11,,Non,48.85241791,2.381377861
253,Rue des Mariniers,14,2020-01-30T20:00:00-05:00,Non,48.82756924,2.311455725
254,Cité Voltaire,11,,Non,48.85272059,2.390406912
255,0,10,2001-01-03T20:00:00-05:00,Non,48.87771179,2.366900211
256,0,16,,Non,48.86725631,2.270184358
257,0,18,,Non,48.88992473,2.340253499
258,0,12,,Non,48.84563392,2.387756096
259,0,14,,Non,48.8356768,2.316401174
260,0,12,,Non,48.84011811,2.379850469
261,0,4,,Non,48.85595354,2.357012749
262,0,15,2013-02-07T20:00:00-05:00,Non,48.83772113,2.31213898
263,0,20,,Non,48.85656919,2.399034036
264,0,13,,Non,48.82877229,2.367918708
265,0,20,2010-10-07T22:00:00-04:00,Non,48.86565965,2.388679983
266,Rue Madeleine Brès- rue Augustin Mouchot,13,,Non,48.8216443,2.349710586
267,0,20,,Non,48.85825548,2.400258512
268,0,13,,Non,48.82446969,2.368995342
269,Rue Emile Desvaux- rue Paul de Kock,19,2021-07-19T20:00:00-04:00,Non,48.87727119,2.398844776
270,0,10,2015-11-25T20:00:00-05:00,Non,48.87923786,2.354377928
271,,10,2020-10-01T22:00:00-04:00,Oui,48.87165056,2.358095598
272,,1,2016-07-11T22:00:00-04:00,Non,48.8625586,2.339850724
273,,13,2020-12-07T19:00:00-05:00,Oui,48.82074082,2.367784297
274,Rue Choderlos de Laclos,13,2022-05-26T20:00:00-04:00,Non,48.83234897,2.378707315
275,0,13,,Non,48.82905506,2.353151209
276,0,1,2011-07-11T22:00:00-04:00,Non,48.86096941,2.341890929
277,0,11,,Non,48.85102112,2.379734613
278,0,4,,Non,48.85275137,2.352719038
279,Rue Yéo Thomas,13,,Non,48.83139651,2.362273365
280,0,14,2009-12-10T20:00:00-05:00,Non,48.83449243,2.314691521
281,0,14,2009-12-10T20:00:00-05:00,Non,48.83634028,2.317225116
282,Allée Marc Chagall,13,,Non,48.81986878,2.360548145
283,0,12,,Non,48.84404647,2.385946737
284,0,14,2006-12-04T20:00:00-05:00,Non,48.83033744,2.322020656
285,0,5,2009-12-14T20:00:00-05:00,Non,48.85189532,2.346733127
286,Passage Alexandrine,11,2022-01-31T20:00:00-05:00,Non,48.85599962,2.387391689
287,0,7,,Non,48.86189726,2.322313952
288,Zac Bercy,12,1999-06-14T22:00:00-04:00,Non,48.83355581,2.38559961
289,0,4,2018-04-26T22:00:00-04:00,Non,48.85803544,2.358804808
290,Rue du Cambodge,20,2020-01-06T20:00:00-05:00,Non,48.86564373,2.398668732
291,,20,2020-08-24T22:00:00-04:00,Non,48.86965275,2.404474966
292,0,18,2006-10-02T22:00:00-04:00,Non,48.8861111,2.355659223
293,0,10,2001-01-03T20:00:00-05:00,Non,48.87790303,2.369088795
294,0,5,2009-12-14T20:00:00-05:00,Non,48.84113115,2.35017455
295,0,4,,Non,48.85893432,2.358164393
296,0,12,,Non,48.839453,2.381354896
297,0,20,,Non,48.86603548,2.395247594
298,Rue Saint-Mathieu,18,2021-03-29T20:00:00-04:00,Non,48.88631337,2.356052653
299,0,13,2006-08-10T22:00:00-04:00,Non,48.83605643,2.379524493
300,0,19,,Non,48.88505101,2.377487164
301,,5,2020-12-21T19:00:00-05:00,Oui,48.8514472,2.344662508
302,0,20,,Non,48.86954133,2.398040783
303,0,3,2005-07-28T22:00:00-04:00,Non,48.86489754,2.363150352
304,0,19,,Non,48.88609122,2.389267966
305,Rue Georges Balanchine,13,2020-10-01T22:00:00-04:00,Oui,48.83627458,2.373460562
306,Rue Brisemiche,4,2019-09-23T22:00:00-04:00,Non,48.85944174,2.351733767
307,,13,2020-10-01T22:00:00-04:00,Oui,48.83075323,2.379101956
308,0,3,2007-01-08T20:00:00-05:00,Non,48.86879279,2.354728534
309,Rue des Tourelles,20,2021-09-02T20:00:00-04:00,Oui,48.87462585,2.40385372
310,0,13,2012-10-11T22:00:00-04:00,Non,48.82124672,2.344816365
311,0,20,,Non,48.87055746,2.383170724
312,Rue Taclet,20,2021-08-12T20:00:00-04:00,Oui,48.87151316,2.39775407
313,0,6,2009-12-10T20:00:00-05:00,Non,48.85260529,2.340177489
314,0,15,,Non,48.85007677,2.279775302
315,0,16,2016-04-21T22:00:00-04:00,Non,48.85729142,2.278321209
316,Place de la Nation,12,,Non,48.84840619,2.394294749
317,0,20,,Non,48.85505706,2.402464193
318,Place de la Nation,11,,Non,48.84926418,2.39499645
319,Les Halles,1,2016-05-05T22:00:00-04:00,Non,48.86159993,2.347568349
320,Les Halles,1,2016-05-05T22:00:00-04:00,Non,48.86388389,2.346883029
321,Rue de la Cour des Noues,20,2020-09-14T22:00:00-04:00,Oui,48.86432726,2.401031077
322,0,7,,Non,48.8629289,2.306276486
323,,2,2007-01-08T20:00:00-05:00,Non,48.86385906,2.350055665
324,Rue Boucher,1,2021-07-05T20:00:00-04:00,Non,48.85948604,2.344147806
325,Rue Baptiste Renard,13,2021-12-02T20:00:00-05:00,Oui,48.82809867,2.36694494
326,0,20,2008-02-07T20:00:00-05:00,Non,48.86847699,2.394486423
327,Rue du Sommerard,5,2021-09-02T20:00:00-04:00,Oui,48.84992536,2.346648419
328,0,4,2007-07-26T22:00:00-04:00,Non,48.85516291,2.360706051
329,Rue des Cheminets,19,2021-09-06T20:00:00-04:00,Oui,48.88770447,2.398690499
330,Berges de Seine Rive droite (circulation des véhicules terrestres interdite),4,2018-03-08T20:00:00-05:00,Non,48.85250496,2.357306292
331,Rue Paul Baudry,8,2022-12-20T19:00:00-05:00,Oui,48.87252647,2.307620881
332,Voie B/4 (village Saint-Paul),4,2022-07-28T20:00:00-04:00,Non,48.8533329,2.360947775
333,0,9,,Non,48.87394894,2.328373468
334,0,15,2009-10-12T22:00:00-04:00,Non,48.84220384,2.284948524
335,0,5,2009-12-14T20:00:00-05:00,Non,48.85127784,2.347725861
336,0,17,,Non,48.88910316,2.3172041
337,0,12,2020-09-14T22:00:00-04:00,Non,48.84365491,2.386289286
338,Rue de la Légion d'Honneur,7,2008-08-18T22:00:00-04:00,Non,48.860334,2.325151135
339,0,16,,Non,48.85843345,2.268887297
340,0,4,,Non,48.85621239,2.355367226
341,Rue Pierre Gourdault- rue de Vimoutiers,13,2020-10-01T20:00:00-04:00,Oui,48.83137963,2.370629952
342,Rue Louis Vierne,17,,Non,48.88809878,2.289719042
343,0,9,,Non,48.87708658,2.34359387
344,Rue du Père Brottier et avenue Boudon,16,2021-08-19T20:00:00-04:00,Oui,48.84990805,2.270445389
345,0,3,2006-04-03T22:00:00-04:00,Non,48.86138483,2.36314414
346,,16,2020-09-24T22:00:00-04:00,Oui,48.8650767,2.282244577
347,0,4,,Non,48.85516687,2.346993266
348,0,20,,Non,48.85512197,2.407764573
349,,19,2020-10-19T20:00:00-04:00,Oui,48.88576013,2.379796838
350,Rue de Louvois,2,2021-12-23T20:00:00-05:00,Oui,48.86817909,2.337675305
351,Place du Cardinal Amette,15,2022-04-04T20:00:00-04:00,Oui,48.85098392,2.296876772
352,Place Jean Vilar- rue Fernand Braudel- Abel Gance- Jean Giono- Valéry Larbaud,13,2022-05-26T20:00:00-04:00,Non,48.83574525,2.373665176
353,0,5,2009-12-14T20:00:00-05:00,Non,48.84076384,2.349195762
354,0,19,2005-08-11T22:00:00-04:00,Non,48.88558278,2.381472221
355,0,15,,Non,48.84075272,2.278586597
356,0,17,,Non,48.88999097,2.325729154
357,Rue Roger Bacon,17,,Oui,48.88301255,2.290204929
358,0,10,,Non,48.87179922,2.361540662
359,Zac Bercy,12,1999-06-14T22:00:00-04:00,Non,48.8367494,2.382542536
360,Rue Hermel,18,2021-03-29T20:00:00-04:00,Oui,48.89137897,2.344450208
361,0,20,,Non,48.86022013,2.406299996
362,0,19,,Non,48.88427762,2.38883975
363,Place Martin Nadaud,20,,Non,48.86505135,2.39487236
364,0,10,2013-12-26T20:00:00-05:00,Non,48.87225882,2.363846693
365,,5,2020-09-03T22:00:00-04:00,Oui,48.83947386,2.3464776
366,0,17,2006-02-13T20:00:00-05:00,Non,48.88877575,2.325090633
367,Rue Pujet,18,2021-03-29T20:00:00-04:00,Non,48.88404329,2.333451638
368,0,17,,Non,48.8881734,2.322280342
369,0,5,2009-07-09T22:00:00-04:00,Non,48.84467281,2.351009515
370,0,1,2008-03-17T21:00:00-04:00,Non,48.86179086,2.342435219
371,0,19,,Non,48.87990963,2.392907756
372,Rue du Mont Aigoual,15,,Non,48.84275036,2.275440953
373,Allée Vivaldi,12,,Non,48.84106509,2.393325663
374,Boulevard Murat,16,2022-03-31T20:00:00-04:00,Oui,48.83906723,2.265124178
375,0,10,2007-05-14T22:00:00-04:00,Non,48.86908162,2.357953321
376,0,18,2018-09-06T22:00:00-04:00,Non,48.89538501,2.365826636
377,0,20,2013-08-01T22:00:00-04:00,Non,48.86782643,2.406121133
378,Rue Milton,9,2022-05-26T22:00:00-04:00,Oui,48.87734081,2.340665762
379,Place du Louvre,1,2022-04-28T22:00:00-04:00,Non,48.86001418,2.340937162
380,Route de Sèvres à Neuilly,16,2022-01-03T20:00:00-05:00,Non,48.85708689,2.237266929
381,0,9,2017-05-18T22:00:00-04:00,Non,48.88326185,2.329585292
382,Rue Pihet,11,2021-07-29T20:00:00-04:00,Oui,48.86364602,2.373770227
383,0,10,2005-07-28T22:00:00-04:00,Non,48.87329562,2.358358783
384,,16,2020-08-27T22:00:00-04:00,Oui,48.85595654,2.272909038
385,0,15,2009-10-12T22:00:00-04:00,Non,48.84269115,2.28382313
386,0,13,,Non,48.82765515,2.353440013
387,Rue Marie Laurencin- rue André Derain,12,,Non,48.84000249,2.406487651
388,0,18,2006-06-12T22:00:00-04:00,Non,48.88374175,2.343549707
389,Rue du Mont Cenis,18,,Non,48.88798345,2.341751843
390,0,9,,Non,48.8748753,2.328446561
391,0,20,,Non,48.86575002,2.38582846
392,Rue Lally-Tollendal,19,,Non,48.88265387,2.374825797
393,0,11,,Non,48.85588216,2.382549167
394,0,4,,Non,48.85740646,2.358941486
395,0,20,,Non,48.85953436,2.405043793
396,0,12,,Non,48.84386722,2.38358834
397,0,13,,Non,48.83598489,2.350198279
398,0,2,,Non,48.86647521,2.340375982
399,0,19,2014-09-29T22:00:00-04:00,Non,48.89049273,2.377817216
400,Rue Charles Bertheau et Jean Dunand,13,,Non,48.82287756,2.363625494
401,0,1,2021-07-05T20:00:00-04:00,Non,48.8597746,2.342647918
402,0,14,2009-12-10T20:00:00-05:00,Non,48.83248314,2.314781691
403,0,6,2009-12-10T20:00:00-05:00,Non,48.85243081,2.343170712
404,Rue Louis Blanc et Philippe de Girard,10,2021-11-04T21:00:00-04:00,Oui,48.88224063,2.36224316
405,0,20,,Non,48.84764881,2.407142896
406,0,11,2013-06-20T22:00:00-04:00,Non,48.86761418,2.364144354
407,,1,2021-07-05T20:00:00-04:00,Non,48.85899598,2.34403602
408,Rue des Bourdonnais,1,2021-07-05T20:00:00-04:00,Non,48.86016717,2.345278453
409,Place Francis Poulenc,19,,Non,48.88402851,2.386395409
410,Rue du Faubourg Saint-Antoine,11,,Non,48.85047066,2.383002756
411,Rue Riblette,20,,Oui,48.86006272,2.40628894
412,0,18,,Non,48.88887172,2.339945198
413,0,13,,Non,48.82369727,2.363978321
414,Rue du Père Julien Dhuit,20,,Non,48.87252993,2.385232808
415,Zac Bercy,12,1999-06-14T22:00:00-04:00,Non,48.8323373,2.387503374
416,0,19,,Non,48.87685781,2.396744274
417,0,20,2012-11-08T20:00:00-05:00,Non,48.86873596,2.396431065
418,0,1,,Non,48.86680167,2.332070315
419,0,13,,Non,48.83181533,2.377748488
420,Place de la Porte de Champerret,17,,Oui,48.88620427,2.29044978
421,0,18,,Non,48.88446682,2.338497221
422,0,6,2009-12-10T20:00:00-05:00,Non,48.85121137,2.339854033
423,0,18,2015-02-26T20:00:00-05:00,Non,48.89451056,2.353758363
424,0,12,2008-12-25T20:00:00-05:00,Non,48.84785025,2.380045355
425,,13,2020-10-01T22:00:00-04:00,Oui,48.83640375,2.355576609
426,Halle Freyssinet,13,2021-09-16T22:00:00-04:00,Non,48.83469345,2.370583202
427,0,14,2009-12-10T20:00:00-05:00,Non,48.83496428,2.315765556
428,Place de la Nation,11,,Non,48.84941861,2.395523013
429,Place de la Nation,12,,Non,48.84796725,2.394428604
430,0,18,2007-04-09T22:00:00-04:00,Non,48.88685345,2.334772227
431,,13,2020-10-01T22:00:00-04:00,Oui,48.8296618,2.367793285
432,Avenue Armand Rousseau,12,2021-09-27T22:00:00-04:00,Non,48.83649336,2.409267803
433,Rue Poulletier,4,2021-03-04T20:00:00-05:00,Oui,48.85159673,2.358353236
434,Rue Jacquier,14,2021-09-16T22:00:00-04:00,Oui,48.82994947,2.317209526
435,Rue Rochambeau,9,,Non,48.87715371,2.346078896
436,Rue Emile Duployé,18,2022-05-16T22:00:00-04:00,Oui,48.88952524,2.355294193
437,0,15,2015-09-28T22:00:00-04:00,Non,48.84520613,2.286640106
438,avenue du Polygone,12,2022-12-06T19:00:00-05:00,Non,48.83749883,2.431705519
439,0,7,2022-04-04T20:00:00-04:00,Non,48.85783609,2.29524621
440,0,13,,Non,48.82393681,2.367749146
441,0,5,,Non,48.85089423,2.347874688
442,ZAC Granges aux Belles,10,,Non,48.87767451,2.368206642
443,0,16,,Non,48.85158392,2.277374309
444,0,15,,Non,48.84417206,2.277797783
445,Avenue du Maréchal Lyautey,16,,Non,48.85317091,2.260662558
446,0,12,,Non,48.84570189,2.386046012
447,Rue de Florence,8,2021-08-19T20:00:00-04:00,Oui,48.88214672,2.325233607
448,0,5,2009-12-14T20:00:00-05:00,Non,48.85049723,2.350148596
449,0,7,,Non,48.86301422,2.311778728
450,0,16,,Non,48.85976622,2.264900032
451,0,12,2019-02-18T20:00:00-05:00,Non,48.83846896,2.389106468
452,,1,2020-08-24T22:00:00-04:00,Non,48.86284202,2.342694354
453,0,10,2015-12-03T20:00:00-05:00,Non,48.87085188,2.355916498
454,0,15,,Non,48.84198042,2.277194029
455,0,15,,Non,48.83630201,2.300912705
456,0,10,,Non,48.87002881,2.352419323
457,0,4,,Non,48.85542854,2.362840945
458,,13,2020-10-01T22:00:00-04:00,Non,48.83020319,2.368608894
459,0,2,2007-04-26T22:00:00-04:00,Non,48.86814895,2.347543817
460,Rue Saint-Merri,4,2021-03-04T20:00:00-05:00,Oui,48.85927928,2.353089815
461,0,10,,Non,48.87850943,2.351791289
462,Halle Freyssinet,13,2021-09-16T22:00:00-04:00,Non,48.83207137,2.373060955
463,Rue de la Monnaie,1,2021-07-05T20:00:00-04:00,Non,48.85925411,2.342913942
464,Rue Lacordaire,15,2022-04-04T22:00:00-04:00,Oui,48.84360813,2.283939958
465,Promenade Claude Levi-Strauss et Place Jean-Michel Basquiat,13,2022-05-26T20:00:00-04:00,Non,48.83106216,2.374941806
466,Rue de la Victoire,9,2020-12-14T19:00:00-05:00,Oui,48.87509544,2.339009452
467,0,16,2017-03-23T21:00:00-04:00,Non,48.85989208,2.264232814
468,Beaubourg,4,2021-12-02T20:00:00-05:00,Non,48.86024035,2.351215024
469,0,10,2014-02-13T20:00:00-05:00,Non,48.87566416,2.362105389
470,,4,2020-06-18T22:00:00-04:00,Non,48.85825685,2.353233486
471,0,12,2016-08-01T22:00:00-04:00,Non,48.8406934,2.388603621
472,Passage de la Providence,20,,Non,48.85399717,2.403749235
473,0,19,,Non,48.87989828,2.394638468
474,0,19,,Non,48.8764136,2.374582117
475,0,10,,Non,48.87125196,2.354353723
476,Rue Nicolas Appert,11,,Non,48.85948771,2.369986274
477,0,3,2016-08-01T22:00:00-04:00,Non,48.86013816,2.362267701
478,Rue Le Vau,20,2020-09-14T22:00:00-04:00,Oui,48.86597236,2.41139914
479,Rue Ferdinand Flocon,18,2021-03-29T20:00:00-04:00,Oui,48.89145208,2.345864836
480,Place du Général Beuret,15,,Non,48.84188812,2.302950825
481,Rue Simone Iff,12,,Non,48.8418049,2.384479356
482,Montorgueil-Saint-Denis,2,2013-08-08T22:00:00-04:00,Non,48.86557777,2.347322658
483,0,17,,Non,48.88612965,2.311476829
484,0,20,,Non,48.85800363,2.406285264
485,Rue Guillaumot,12,2021-11-04T21:00:00-04:00,Oui,48.84568055,2.377522759
486,0,20,,Non,48.84759766,2.40839251
487,0,19,,Non,48.89154709,2.373291282
488,0,2,2009-12-28T20:00:00-05:00,Non,48.87019431,2.341217123
489,Général Catroux,17,2020-02-17T20:00:00-05:00,Non,48.88201678,2.310721953
490,0,11,,Non,48.85886393,2.369590179
491,0,10,2014-02-13T20:00:00-05:00,Non,48.87604017,2.363697849
492,,16,2020-12-14T19:00:00-05:00,Non,48.85961536,2.286364056
493,0,11,2007-10-11T22:00:00-04:00,Non,48.85815376,2.380597738
494,,12,2020-09-14T22:00:00-04:00,Oui,48.83524692,2.395470459
495,Halle Freyssinet,13,2021-09-16T22:00:00-04:00,Non,48.83352847,2.370941911
496,Rue de Bruxelles,9,2022-12-15T19:00:00-05:00,Oui,48.88289338,2.32861881
497,Rue du Montparnasse,14,2022-12-14T19:00:00-05:00,Non,48.84215134,2.325622344
498,rue Soeur Catherine Marie,13,,Oui,48.82982651,2.343117197
499,Rue du Surmelin,20,2020-09-14T22:00:00-04:00,Oui,48.86806613,2.402602214
500,Place de la Nation,11,,Non,48.84886399,2.39447081
501,,14,2020-08-27T22:00:00-04:00,Oui,48.83224383,2.323986723
502,Mairie du 4ème,4,2018-10-22T22:00:00-04:00,Non,48.85524527,2.355295595
503,Rue Louise Hervieu,12,,Non,48.84231399,2.384973208
504,0,15,2005-08-04T22:00:00-04:00,Non,48.84126764,2.299896649
505,0,19,,Non,48.87992489,2.395511157
506,0,12,,Non,48.84267119,2.414763403
507,0,15,,Non,48.84513439,2.309752647
508,0,19,,Non,48.87985126,2.394207694
509,0,2,2012-12-17T20:00:00-05:00,Non,48.86854897,2.342861138
510,Rue du Colonel Dominé,13,,Non,48.81985699,2.357915048
511,0,16,,Non,48.8525167,2.26879715
512,0,11,,Non,48.85915701,2.369493204
513,0,6,2009-12-10T20:00:00-05:00,Non,48.85458156,2.333283465
514,0,18,2007-10-11T22:00:00-04:00,Non,48.8962129,2.346583316
515,Halle Freyssinet,13,2021-09-16T22:00:00-04:00,Non,48.83370709,2.372115198
516,0,19,2014-01-13T20:00:00-05:00,Non,48.87814253,2.386847688
517,0,20,2010-10-07T22:00:00-04:00,Non,48.8648107,2.390929518
518,0,18,2006-08-10T22:00:00-04:00,Non,48.88734474,2.350483058
519,Montorgueil-Saint-Denis,2,2013-08-08T22:00:00-04:00,Non,48.8670594,2.34406185
520,0,12,2016-09-19T22:00:00-04:00,Non,48.84920536,2.381044186
521,Rue de Champagny,7,,Non,48.85783002,2.318824249
522,0,5,2018-01-01T20:00:00-05:00,Non,48.84015044,2.350203158
523,0,5,2009-12-14T20:00:00-05:00,Non,48.85204789,2.345175065
524,0,7,2009-12-28T20:00:00-05:00,Non,48.85217642,2.327944815
525,0,5,2009-12-14T20:00:00-05:00,Non,48.85136381,2.347584288
526,0,7,,Non,48.85658173,2.306475182
527,,13,2020-10-01T22:00:00-04:00,Oui,48.82539305,2.348951485
528,0,10,2004-11-08T20:00:00-05:00,Non,48.86929812,2.362943334
529,Rue Turgot,9,,Non,48.87957264,2.345651636
530,,16,2020-08-27T22:00:00-04:00,Oui,48.84045863,2.254490771
531,Rue Paul Dukas,12,,Non,48.84087156,2.392011388
532,0,15,,Non,48.84300458,2.27813022
533,0,11,,Non,48.85948182,2.369014305
534,Rue de la Saïda,15,2021-08-16T20:00:00-04:00,Oui,48.83224446,2.295303559
535,0,11,2007-08-16T22:00:00-04:00,Non,48.86786724,2.377976086
536,0,6,2009-12-10T20:00:00-05:00,Non,48.85092515,2.333894751
537,0,8,2017-08-28T22:00:00-04:00,Non,48.86805807,2.32133104
538,0,19,,Non,48.87851065,2.385009146
539,Rue de Belzunce,10,2021-09-20T22:00:00-04:00,Oui,48.87924813,2.352871091
540,Zac Bercy,12,1999-06-14T22:00:00-04:00,Non,48.83386037,2.387586512
541,0,19,,Non,48.88786277,2.394347649
542,0,14,2013-12-12T20:00:00-05:00,Non,48.83395742,2.319117056
543,0,19,,Non,48.87389449,2.376449815
544,0,15,,Non,48.84912329,2.293685968
545,0,19,2014-09-29T22:00:00-04:00,Non,48.88962811,2.379576649
546,0,15,2016-11-17T20:00:00-05:00,Non,48.84178213,2.298494174
547,Quartier de l'Horloge,3,2019-01-17T19:00:00-05:00,Non,48.86208239,2.352901538
548,0,15,,Non,48.85575802,2.287839171
549,0,11,,Non,48.85827071,2.369899017
550,0,13,,Non,48.83217425,2.355534596
551,0,13,,Non,48.82990142,2.353538829
552,,19,2020-10-19T20:00:00-04:00,Oui,48.88056664,2.37351113
553,Rue Marcadet,18,2022-05-16T22:00:00-04:00,Oui,48.89035058,2.354884912
554,Rue de la Bienfaisance,8,2021-12-06T20:00:00-05:00,Oui,48.87677195,2.320558432
555,Rue Richomme,18,,Oui,48.88628184,2.351229156
