arrondissement,size,rooms,price,vue,gardien,calme,refait,ascenseur,terrasse,ancien,charmant,entretenu,magnifique,exclusivit√©,superbe,lumineux,beau,traversant,standing,hauteur,pierre,recent,pricem2
11,28.16,2,49000,0,0,0,0,0,0,0,0,0,0,0,0,0,0,0,0,0,0,0,1740.056818
13,93.01,4,449000,0,0,0,0,0,0,0,0,0,0,0,0,0,0,0,0,0,0,0,4827.43791
18,16,1,79000,0,0,0,0,0,0,0,0,0,0,0,0,0,0,0,0,0,0,0,4937.5
20,9.68,1,51000,0,0,0,1,1,0,1,0,0,0,1,0,0,0,0,0,0,0,0,5268.595041
19,88,4,470000,0,1,1,0,0,0,0,0,0,0,1,0,0,0,0,1,0,0,0,5340.909091
13,80.48,4,430000,0,0,0,0,0,0,0,0,0,0,1,0,0,0,0,0,0,0,0,5342.942346
19,108.58,5,585000,0,1,1,0,0,0,0,0,0,0,0,0,0,0,0,1,0,0,0,5387.732547
13,82.66,4,449000,0,0,0,0,0,0,0,0,0,0,0,0,0,0,0,1,0,0,0,5431.889669
18,25,1,140000,0,0,0,0,0,0,0,1,0,0,1,0,0,0,0,0,0,0,0,5600
13,82.02,5,465000,0,0,1,0,0,0,1,0,0,0,1,0,0,0,0,0,0,0,0,5669.348939
19,75.42,3,430000,0,1,1,0,0,0,0,0,0,0,1,0,0,0,0,1,0,0,0,5701.405463
15,78.87,2,450000,0,0,0,0,0,0,0,0,0,0,0,0,0,0,0,0,0,0,0,5705.59148
19,81,4,464000,0,0,0,0,0,0,0,1,0,0,0,0,0,0,0,0,0,0,0,5728.395062
19,86.51,4,500000,0,0,1,0,0,0,0,0,0,0,1,0,0,0,0,1,0,0,0,5779.67865
18,65.95,3,384000,0,0,1,0,0,0,0,0,0,0,0,0,0,0,1,0,0,0,0,5822.592873
13,50.7,2,305000,0,0,0,0,0,0,0,0,0,0,0,0,0,1,0,0,0,0,0,6015.779093
17,110.16,4,680000,0,0,0,0,0,0,0,0,0,0,0,1,0,0,0,0,0,0,0,6172.839506
13,50.09,2,313000,0,0,0,0,0,0,0,0,0,0,0,0,0,0,0,1,0,0,0,6248.752246
20,50.1,2,320000,1,0,0,0,1,0,0,0,0,0,1,0,0,0,0,0,0,0,0,6387.225549
19,76.5,4,498000,0,0,0,0,0,0,0,0,0,0,0,0,0,0,0,0,0,0,0,6509.803922
15,73.51,3,480000,0,0,0,0,0,0,0,0,0,0,0,0,0,0,0,0,0,0,0,6529.723847
19,72.6,3,475000,0,0,0,0,0,0,0,0,0,0,0,0,0,0,0,0,0,0,0,6542.699725
20,96.81,4,635000,0,0,0,0,1,0,0,0,1,0,0,0,0,0,0,0,0,0,0,6559.239748
19,45.73,2,300000,0,0,0,0,0,0,0,0,0,0,0,0,0,0,0,0,0,0,1,6560.244916
20,79.5,4,534000,0,0,0,0,0,0,0,0,0,0,0,0,0,0,0,0,0,0,0,6716.981132
18,61.48,3,414000,0,1,1,0,0,0,0,0,1,0,0,0,0,1,0,0,0,0,0,6733.897202
18,61.48,3,414000,0,0,0,0,1,0,0,0,0,0,0,0,0,0,0,0,0,0,0,6733.897202
20,94.33,3,649000,0,0,0,0,0,0,0,0,0,0,0,0,0,0,0,0,0,0,0,6880.10177
20,94.33,4,649000,0,0,0,0,0,0,0,0,0,0,0,0,0,0,0,0,0,0,0,6880.10177
20,72,3,499000,0,0,0,0,0,0,0,0,0,0,0,0,0,0,0,0,0,0,0,6930.555556
19,41.94,2,300000,0,1,0,0,0,0,0,0,0,0,1,0,0,0,0,0,0,0,1,7153.075823
20,37.64,2,274000,0,1,1,0,0,0,0,0,0,0,0,0,0,0,0,0,0,0,0,7279.489904
19,83.02,4,605000,0,0,0,0,0,0,0,0,0,0,0,0,0,0,0,0,0,0,0,7287.400626
20,89,4,650000,0,0,1,0,0,1,0,0,0,0,0,0,0,0,0,0,0,0,0,7303.370787
19,71.5,3,525000,0,0,0,0,0,0,0,0,0,0,0,0,0,1,0,0,0,0,1,7342.657343
13,51,3,375000,0,0,0,0,0,0,0,0,0,0,0,0,0,0,0,0,0,0,0,7352.941176
18,108,4,795000,0,0,0,0,0,0,0,0,0,0,0,0,0,0,0,0,0,0,0,7361.111111
19,29.14,1,215000,0,0,0,0,0,0,0,0,0,0,0,0,0,0,0,0,0,0,0,7378.174331
13,37.23,2,276000,0,0,0,0,0,0,0,0,0,0,0,0,0,0,0,0,0,0,0,7413.376309
20,63.86,3,475000,0,0,0,0,0,0,0,0,0,0,0,0,0,0,0,0,0,0,0,7438.145944
20,28.02,1,209000,1,1,1,0,0,0,0,0,0,0,0,0,0,0,0,0,0,0,0,7458.957887
19,87.08,4,650000,0,1,0,0,0,0,0,0,1,0,0,0,0,0,0,0,0,0,1,7464.400551
20,66.2,3,495000,0,0,0,0,0,0,0,0,0,0,0,0,0,0,0,0,0,0,0,7477.34139
20,113.46,4,850000,0,0,0,0,0,0,0,0,1,0,0,0,0,0,0,0,0,0,0,7491.627005
20,64,3,480000,0,0,0,1,0,0,0,0,0,0,0,0,0,0,0,0,0,0,0,7500
13,66.49,3,499000,0,0,0,0,0,0,0,0,0,0,0,0,0,0,0,0,0,0,0,7504.887953
19,99.04,5,745000,0,0,0,0,0,0,0,0,0,0,0,0,0,0,0,0,0,0,0,7522.213247
20,61,3,460000,0,0,0,0,0,0,1,0,0,0,0,0,0,0,0,0,0,0,0,7540.983607
17,49.05,2,370000,0,0,0,0,0,0,0,0,0,0,0,0,0,0,0,0,0,0,0,7543.32314
15,9,1,68000,0,0,0,0,1,0,0,0,0,0,0,0,0,0,0,0,0,0,0,7555.555556
20,66,3,499000,0,0,0,0,0,1,0,0,0,0,0,0,0,0,0,0,0,0,0,7560.606061
18,100,5,759000,0,1,1,0,1,0,0,0,0,0,0,0,0,0,0,1,0,0,1,7590
13,59.26,3,450000,0,0,0,0,0,0,0,0,0,0,0,0,0,0,0,0,0,0,0,7593.655079
19,45.52,2,349900,1,0,0,0,0,0,0,0,0,0,0,0,0,0,0,0,0,0,0,7686.731107
20,115,5,885000,1,0,0,0,0,0,0,0,0,0,0,0,0,0,0,0,0,0,0,7695.652174
19,33.11,2,255000,0,0,0,0,0,0,1,0,0,0,1,0,0,0,1,0,0,0,0,7701.600725
9,6.32,1,49000,0,0,0,0,0,0,0,0,0,0,0,0,0,0,0,0,0,0,0,7753.164557
20,18.24,1,142000,0,0,0,1,0,0,0,0,0,0,0,0,0,0,0,0,0,0,0,7785.087719
20,77,4,600000,1,0,1,0,0,0,0,0,0,0,0,0,0,0,0,0,0,0,0,7792.207792
10,68,2,530000,0,0,0,0,0,0,0,0,0,0,0,0,0,0,0,0,0,0,0,7794.117647
13,32.07,1,250000,0,0,0,0,0,0,0,0,0,0,0,0,0,0,0,0,0,0,0,7795.447459
20,46.01,2,359000,0,0,0,0,0,0,0,0,0,0,0,0,0,0,0,0,0,0,0,7802.651597
19,40,2,313000,0,0,1,0,0,0,1,0,0,0,0,0,0,0,0,0,0,0,0,7825
17,79,4,619000,0,0,0,0,0,0,0,0,0,0,0,0,0,0,0,0,0,0,0,7835.443038
13,53,2,416000,0,0,0,0,0,0,0,0,0,0,0,0,0,0,0,0,0,0,0,7849.056604
10,66.83,3,525000,0,0,0,0,0,0,0,0,0,0,0,0,0,0,0,0,0,0,0,7855.753404
18,33.7,2,265000,0,0,0,0,0,0,0,0,0,0,0,0,0,0,0,0,0,0,0,7863.501484
19,63.41,3,499000,0,0,0,0,0,0,0,0,0,0,1,0,0,0,0,0,0,0,0,7869.421227
15,101.02,4,795000,0,0,0,0,0,0,0,0,0,0,0,0,0,0,0,0,0,0,0,7869.728767
11,53.38,2,422000,0,1,0,0,0,0,0,0,1,0,0,0,0,0,0,0,0,0,0,7905.582615
15,89.55,3,710000,0,0,0,0,0,0,0,0,0,0,0,0,0,0,1,0,0,0,1,7928.531547
19,56.61,2,449500,0,0,0,0,0,1,0,0,0,0,0,0,0,0,0,0,0,0,0,7940.293234
19,50,3,399000,0,0,0,0,0,0,0,0,0,0,0,0,0,0,0,0,0,0,0,7980
19,90.04,4,720000,0,0,0,0,0,0,0,0,0,0,0,0,0,0,0,0,0,0,0,7996.446024
20,62.5,3,500000,0,0,0,0,1,0,0,0,1,0,0,0,0,0,0,0,0,0,0,8000
19,36.24,2,290000,0,0,1,0,0,0,1,0,0,0,1,0,0,0,0,0,0,0,0,8002.207506
20,108,5,865000,0,0,1,0,0,1,0,0,0,0,0,0,0,0,0,0,0,0,0,8009.259259
20,76,4,610000,0,0,0,0,0,0,0,0,0,0,0,0,0,0,0,0,0,0,0,8026.315789
19,52.69,2,423000,0,1,0,0,1,1,0,0,0,0,0,0,0,0,0,0,0,0,1,8028.088821
19,52.69,2,423000,0,1,0,0,1,1,0,0,0,0,0,0,0,0,0,0,0,0,1,8028.088821
15,34.87,1,280000,0,0,0,0,0,0,0,0,0,0,0,0,0,0,0,0,0,0,0,8029.825065
20,31,2,249000,0,0,0,0,0,0,0,0,0,0,0,0,0,0,0,0,0,0,0,8032.258065
19,69.6,3,560000,0,1,0,0,0,0,0,0,0,0,0,0,0,0,1,0,0,0,1,8045.977011
19,69.51,3,560000,0,0,0,0,0,0,0,0,0,0,0,0,0,0,0,0,0,0,0,8056.394763
19,53.93,2,435000,0,1,0,1,0,0,0,0,0,0,1,0,0,0,1,0,0,0,1,8066.011496
20,37.18,2,299900,0,0,0,0,0,0,1,0,0,0,0,0,0,0,0,0,0,0,0,8066.164605
20,73,3,590000,0,0,1,0,0,0,0,0,0,0,0,0,0,0,0,0,0,0,0,8082.191781
15,98.7,4,798000,0,0,0,0,0,0,0,0,0,0,0,0,0,0,0,0,0,0,1,8085.106383
19,30.86,1,250000,0,0,0,0,0,0,0,0,0,0,0,0,0,0,0,0,0,0,0,8101.10175
18,58.5,3,475000,0,0,1,0,0,0,0,0,0,0,0,0,0,0,0,0,0,0,0,8119.65812
20,46.71,2,380000,0,0,0,0,0,0,0,0,0,0,1,0,0,0,1,0,0,0,0,8135.302933
19,41.15,2,335000,0,0,0,0,0,0,0,0,0,0,1,0,0,0,0,0,0,0,0,8140.947752
19,35.59,2,290000,0,0,0,0,0,0,0,0,0,0,0,0,0,0,0,0,0,0,0,8148.35628
14,15.94,1,130000,0,0,0,0,0,0,0,0,0,0,0,0,0,0,0,0,0,0,0,8155.583438
13,23.5,2,192000,0,0,1,0,0,0,0,0,0,0,0,0,0,0,0,0,0,0,0,8170.212766
20,47.6,2,389000,0,1,0,0,1,1,0,0,0,0,0,0,0,0,0,1,0,0,1,8172.268908
18,110,5,899000,0,1,0,0,0,1,0,0,0,0,0,0,0,1,1,1,0,0,0,8172.727273
19,36.49,2,299000,1,0,0,0,0,0,0,0,0,0,1,0,0,0,0,0,0,0,0,8194.02576
18,36,2,295000,0,0,1,0,0,0,0,0,0,0,0,0,0,0,0,0,0,0,0,8194.444444
18,67,3,550000,0,0,0,0,0,0,0,0,0,0,0,0,0,0,0,0,0,0,0,8208.955224
13,34.04,1,280000,0,0,0,0,0,0,0,0,0,0,0,0,0,0,0,0,0,0,0,8225.616921
18,39,2,321000,1,0,0,0,0,0,1,0,0,0,0,0,0,0,0,0,0,0,0,8230.769231
12,61.77,3,509000,0,0,0,0,0,0,0,0,0,0,0,0,0,0,0,0,0,0,0,8240.246074
15,96.45,4,795000,0,0,0,0,0,0,0,0,0,0,0,0,0,0,0,0,0,0,1,8242.612753
20,63,3,520000,0,0,0,0,0,0,0,0,0,0,0,0,0,0,0,0,0,0,0,8253.968254
20,70.2,3,580000,0,0,0,0,0,1,0,0,0,0,0,0,0,0,1,0,0,0,0,8262.108262
9,54.41,2,450000,0,0,0,0,0,0,1,1,1,0,1,0,0,0,0,0,0,0,0,8270.538504
14,103.9,4,860000,0,0,0,0,1,0,0,0,0,0,0,0,0,0,0,0,0,0,1,8277.189605
15,107.4,4,890000,0,0,0,0,0,0,0,0,0,0,0,0,0,0,0,0,0,0,1,8286.778399
18,51,2,423000,0,0,0,0,1,0,0,0,0,0,0,0,0,0,0,0,0,0,0,8294.117647
19,53,3,440000,0,0,0,0,0,1,0,0,0,0,0,0,0,0,0,0,0,0,0,8301.886792
11,29,1,241000,0,0,1,0,0,0,0,0,0,0,0,0,0,0,0,1,0,0,1,8310.344828
18,55,3,458000,0,0,0,1,0,0,0,0,0,0,0,0,0,0,0,0,0,0,0,8327.272727
13,30.5,1,254000,1,0,0,1,0,0,0,0,0,0,0,1,0,0,0,0,0,0,0,8327.868852
14,54,2,450000,0,0,0,0,0,0,0,0,0,0,0,0,0,0,0,0,0,0,0,8333.333333
12,81.01,4,678000,0,0,0,0,0,0,0,0,0,0,0,0,0,0,0,0,0,0,0,8369.337119
11,29.85,2,250000,0,0,1,0,0,0,1,0,0,0,0,0,0,0,0,0,0,0,0,8375.20938
13,21.7,2,182000,0,0,1,0,0,0,0,0,0,0,0,0,0,0,0,0,0,0,0,8387.096774
13,23.12,1,194000,0,0,1,0,0,0,1,0,0,0,0,0,0,0,0,0,0,0,0,8391.00346
17,35.61,2,299000,0,0,0,0,0,0,0,0,0,0,0,0,0,0,0,0,0,0,0,8396.517832
14,38.66,2,325000,0,0,0,0,0,0,0,0,0,0,0,0,0,0,0,0,0,0,0,8406.621831
20,42.8,2,360000,0,0,1,0,0,0,0,0,0,0,1,0,0,0,0,0,0,0,0,8411.214953
19,36.8,2,310000,0,0,0,0,0,0,0,0,0,0,0,0,0,0,0,0,0,0,0,8423.913043
15,73,3,615000,0,0,1,0,0,0,0,0,0,0,0,0,0,1,0,0,0,0,0,8424.657534
15,84.76,4,715000,0,0,0,0,0,0,0,0,0,0,0,0,0,0,0,0,0,0,0,8435.582822
12,17.77,1,150000,0,0,0,0,0,0,0,0,0,0,0,0,0,0,0,0,0,0,0,8441.193022
13,103,5,870000,0,0,0,0,0,0,0,0,0,0,0,0,0,0,0,0,0,0,0,8446.601942
18,65,3,550000,0,0,0,0,0,0,0,1,0,0,0,0,0,0,1,0,0,1,0,8461.538462
20,44.06,3,373000,0,0,0,0,1,0,0,0,0,0,0,0,0,0,0,0,0,0,1,8465.728552
15,54.32,2,460000,0,0,0,0,0,0,0,0,0,0,0,0,0,0,0,0,0,0,0,8468.335788
18,55.5,3,470000,0,0,0,1,0,0,1,0,0,0,0,0,0,0,0,0,0,0,0,8468.468468
3,38.66,1,328000,0,0,0,0,0,0,1,0,0,0,0,0,0,1,0,0,1,0,0,8484.221417
20,47,3,399000,0,0,0,0,1,0,1,0,0,0,0,0,0,0,0,0,0,0,0,8489.361702
18,21.04,1,179000,1,0,0,0,0,0,0,1,1,0,0,0,0,0,0,0,0,0,0,8507.604563
18,44,2,375000,0,0,0,0,1,0,0,0,1,0,0,0,0,0,0,0,0,0,0,8522.727273
20,89.73,4,765000,0,0,0,1,1,0,0,0,1,0,0,0,0,0,0,0,0,0,1,8525.57673
19,56.52,3,483000,0,1,0,0,0,0,0,0,1,0,0,0,0,0,0,0,0,0,0,8545.647558
12,62,3,530000,0,0,0,0,0,1,0,0,0,0,0,0,0,0,0,0,0,0,0,8548.387097
13,46.16,2,395000,0,1,0,0,0,0,0,0,0,0,0,0,0,0,0,0,0,0,0,8557.192374
19,85.27,3,730000,0,0,0,0,0,0,1,0,0,0,0,0,0,0,0,0,1,0,0,8561.041398
19,49.24,2,425000,0,0,0,0,0,1,0,0,0,0,0,0,0,0,0,0,0,0,0,8631.194151
10,88,4,760000,0,0,0,0,0,0,0,0,0,0,0,0,0,0,0,0,0,0,0,8636.363636
20,85,4,735000,1,0,0,0,0,0,0,0,0,0,0,0,0,0,0,0,0,0,0,8647.058824
19,32.92,1,285000,0,0,0,0,0,0,0,0,0,0,0,0,0,0,0,0,0,0,0,8657.351154
12,80.7,3,699000,0,0,1,0,0,0,0,0,0,0,0,0,0,0,1,0,0,0,0,8661.710037
17,13.85,1,120000,0,0,0,0,0,0,0,0,0,0,0,0,0,0,0,0,0,0,0,8664.259928
19,45,2,390000,0,0,0,0,0,0,0,0,0,0,0,0,0,0,0,0,0,0,0,8666.666667
10,26.3,1,228000,0,0,0,0,0,0,0,0,0,0,1,0,0,0,0,0,0,0,0,8669.201521
18,22.37,1,194000,0,0,1,0,0,0,1,0,0,0,0,0,0,0,0,0,0,0,0,8672.329012
18,36.97,2,321000,0,0,1,0,1,0,0,0,0,0,0,0,0,0,0,0,0,0,0,8682.715715
18,85,4,742000,0,0,0,0,0,0,1,0,0,0,0,0,0,0,0,0,1,0,0,8729.411765
19,18.2,1,159000,0,0,0,0,0,0,0,0,0,0,0,0,0,0,0,0,0,0,0,8736.263736
19,44.43,3,389000,0,0,0,0,0,0,0,0,0,0,0,0,0,0,0,0,0,0,0,8755.345487
13,31.84,1,279000,0,0,0,0,0,0,0,0,0,0,0,0,0,0,0,0,0,0,0,8762.562814
20,114,5,999000,0,0,0,0,0,0,0,0,1,0,0,0,0,0,0,0,0,0,0,8763.157895
18,51.35,3,450000,0,0,0,0,0,0,0,1,0,0,0,0,0,0,0,0,0,0,0,8763.38851
13,77.71,4,682000,0,0,0,0,1,0,0,0,0,0,0,1,0,0,0,0,0,0,1,8776.219277
11,90.58,4,795000,0,1,1,0,1,0,0,0,0,0,0,0,0,0,0,0,0,0,1,8776.771914
13,45,2,395000,0,0,0,0,0,0,0,0,0,0,0,0,0,0,0,0,0,0,0,8777.777778
14,78.53,3,690000,0,0,0,0,0,0,0,0,0,0,0,0,0,0,0,0,0,0,0,8786.451038
10,29,2,255000,0,0,1,0,1,0,0,0,0,0,0,0,0,0,0,0,0,1,0,8793.103448
20,31.02,2,273000,0,0,0,0,0,0,0,0,0,0,0,0,0,0,1,0,0,1,0,8800.773694
19,13.5,1,119000,0,0,0,0,0,0,0,0,0,0,0,0,0,0,0,0,0,0,0,8814.814815
20,71.45,3,630000,0,0,1,0,0,1,0,0,0,0,0,0,0,0,0,0,0,0,0,8817.354794
17,16.88,2,149000,0,0,0,0,0,0,0,0,0,0,0,0,0,0,0,0,0,0,0,8827.014218
13,94,4,830000,0,0,0,0,0,0,0,0,0,0,0,0,0,0,0,0,0,0,0,8829.787234
20,47.54,2,420000,0,0,1,0,0,0,0,0,1,0,0,0,0,0,0,0,0,0,0,8834.665545
13,36.21,2,320000,0,0,0,0,0,0,0,0,0,0,0,0,0,0,0,0,0,0,0,8837.337752
12,96.12,5,850000,0,1,0,0,1,0,0,1,0,0,0,0,0,0,0,1,0,0,0,8843.112776
20,96,4,849000,0,0,0,0,0,1,0,0,0,0,0,0,0,0,0,1,0,0,1,8843.75
20,45,3,398000,0,0,1,0,0,0,1,1,0,0,0,0,0,0,0,0,0,0,0,8844.444444
20,26,2,230000,0,0,1,0,0,0,1,0,0,0,0,0,0,0,0,0,0,0,0,8846.153846
18,42.83,2,379000,0,1,0,0,1,0,0,0,1,0,0,0,0,1,0,0,0,0,0,8848.937661
18,41.65,2,369000,0,0,0,0,0,0,0,0,0,0,0,0,0,0,0,0,0,0,0,8859.543818
19,25.5,1,226000,0,0,1,0,0,0,0,0,0,0,0,0,0,0,0,1,0,0,0,8862.745098
15,39.9,2,354000,0,0,0,0,0,0,0,0,0,0,0,0,0,0,0,0,0,0,0,8872.180451
15,12.38,1,110000,0,0,0,0,0,0,0,0,0,0,0,0,0,0,0,0,0,0,0,8885.298869
18,46,3,408800,0,0,0,0,0,0,1,0,1,0,0,0,0,0,0,0,0,0,0,8886.956522
19,33.63,2,299000,0,0,0,0,0,0,0,0,0,0,0,0,0,0,0,0,0,0,0,8890.871246
10,33.38,2,296800,0,0,0,0,0,0,0,0,0,0,0,0,0,0,0,0,0,0,0,8891.551827
11,63.65,3,566000,0,1,0,0,0,0,0,0,0,0,0,0,0,0,0,0,0,0,0,8892.380204
14,65,3,579000,0,0,0,0,0,1,0,0,0,0,0,0,0,0,0,0,0,0,0,8907.692308
12,94.99,4,848000,0,0,0,0,0,0,0,0,0,0,0,0,0,0,0,0,0,0,0,8927.255501
15,53.52,3,478000,1,0,0,0,1,0,0,1,0,0,0,0,0,0,0,1,0,0,1,8931.240658
13,6.93,1,62000,0,0,1,0,0,0,0,0,1,0,1,0,0,0,0,0,0,0,0,8946.608947
15,58.95,3,527500,0,0,0,0,0,0,0,0,0,0,0,0,0,0,0,0,0,0,0,8948.261238
12,38.7,2,346500,0,0,0,0,0,0,0,0,0,0,0,0,0,0,0,0,0,0,0,8953.488372
15,96.05,5,860000,1,0,1,0,0,0,0,0,0,0,0,0,0,0,0,0,0,0,0,8953.669964
17,54.04,3,484000,0,0,0,0,0,0,0,0,0,0,0,0,0,0,0,0,0,0,0,8956.328645
20,30.47,1,273000,0,0,0,0,1,0,0,1,0,0,0,0,0,0,0,0,0,1,0,8959.632425
10,108,6,969000,0,0,0,0,0,0,0,0,0,0,0,0,0,0,0,0,0,0,0,8972.222222
20,61.12,3,549000,0,0,0,0,0,0,0,0,0,0,0,0,0,0,0,0,0,0,0,8982.329843
18,80,4,719000,1,0,0,0,0,1,0,0,0,0,0,1,0,0,0,0,0,0,0,8987.5
15,75.58,4,680000,0,0,0,0,0,0,0,0,0,0,0,0,0,1,0,0,0,0,0,8997.089177
18,52.23,3,470000,0,0,0,0,0,0,0,0,0,0,0,0,0,0,0,0,0,0,0,8998.659774
20,81,4,730000,0,0,0,0,0,0,0,0,0,0,0,0,0,0,0,0,0,0,0,9012.345679
12,67.04,3,605000,0,0,0,0,0,0,0,0,0,0,0,0,0,0,0,0,0,0,0,9024.463007
12,36,2,325000,0,0,0,0,0,0,0,0,0,0,0,0,0,0,0,0,0,0,0,9027.777778
18,22,2,199000,0,0,0,0,0,0,0,0,0,0,0,0,0,0,0,0,0,0,0,9045.454545
18,44,3,398000,0,0,0,0,0,0,0,1,0,0,0,0,0,0,0,0,0,1,0,9045.454545
13,30.7,1,278000,0,0,0,0,0,0,0,0,0,0,0,0,0,0,0,0,0,0,0,9055.374593
19,52.41,2,475000,1,0,0,0,0,1,0,0,0,0,0,0,0,0,0,1,0,0,0,9063.155886
17,38,1,345000,0,0,0,0,0,0,0,0,0,0,1,0,0,0,0,0,0,0,0,9078.947368
18,64.15,2,583000,0,0,0,0,1,0,0,0,0,0,0,0,0,0,1,0,0,0,1,9088.074825
17,11,1,100000,0,0,0,0,0,0,0,0,0,0,1,0,0,0,0,0,0,0,0,9090.909091
13,16.5,1,150000,0,0,0,0,1,0,0,0,0,0,0,0,0,0,0,0,0,0,0,9090.909091
12,47.76,2,435000,0,0,0,0,0,0,0,0,0,0,0,0,0,0,0,0,0,0,0,9108.040201
14,49.3,3,450000,0,0,0,0,0,0,0,0,0,0,0,0,0,0,0,0,0,0,0,9127.789047
20,43.71,3,399000,0,0,0,0,0,0,0,0,1,0,0,0,0,0,0,0,0,0,0,9128.345916
16,17.4,2,159000,0,0,0,0,1,0,0,0,0,0,0,0,0,0,0,0,0,1,0,9137.931034
18,58,3,530000,0,0,0,0,0,0,0,0,0,0,1,0,0,0,0,0,0,0,0,9137.931034
13,42.66,2,390000,0,0,0,0,0,0,0,0,0,0,0,0,0,0,0,0,0,0,0,9142.053446
14,35,2,320000,0,0,0,0,0,0,0,0,0,0,1,0,0,0,0,0,0,0,0,9142.857143
12,21.75,1,199000,0,0,1,0,0,0,0,0,1,0,0,0,0,0,0,0,0,0,0,9149.425287
20,20,1,183000,0,0,0,0,0,0,0,0,0,0,0,0,0,0,0,0,0,0,0,9150
13,36,2,330000,0,0,0,0,0,0,0,0,0,0,0,0,0,0,0,0,0,0,0,9166.666667
17,72,3,660000,0,0,0,0,0,0,0,0,0,0,0,0,0,0,0,0,0,0,0,9166.666667
13,97,4,890000,0,0,0,0,0,0,0,0,0,0,0,0,0,0,0,0,0,0,0,9175.257732
18,41.3,2,379000,0,0,0,0,0,0,1,0,1,0,0,0,0,0,0,0,0,1,0,9176.755448
17,90.38,3,830000,0,0,0,0,0,0,0,0,0,0,1,0,0,0,0,0,0,0,0,9183.447665
19,28.85,1,265000,0,0,0,0,0,0,0,0,0,0,0,0,0,0,0,0,0,0,0,9185.441941
18,38.1,2,350000,1,0,0,0,0,0,0,0,0,0,1,0,0,0,0,0,0,0,0,9186.351706
18,41.65,3,382700,0,0,1,0,0,0,1,0,0,0,0,0,0,0,0,0,0,0,0,9188.47539
20,31,1,285000,0,0,0,0,0,0,0,0,0,0,0,0,0,0,0,0,0,0,0,9193.548387
15,81.5,4,750000,0,0,0,0,1,0,1,0,0,0,0,0,0,0,0,1,0,0,0,9202.453988
13,38,1,350000,0,0,0,0,0,0,0,0,0,0,0,0,0,0,0,0,0,0,0,9210.526316
14,48.28,2,445000,0,0,0,0,1,0,0,0,1,0,0,0,0,0,0,0,0,0,1,9217.067109
20,57.5,3,530000,0,0,0,0,1,0,1,0,0,0,0,0,0,0,0,0,0,0,0,9217.391304
15,59.61,3,550000,0,0,0,0,1,1,0,0,0,0,0,0,0,0,1,0,0,0,0,9226.639826
20,29.22,2,269900,0,0,0,0,0,0,1,0,0,0,1,0,0,0,0,0,0,0,0,9236.824093
20,20,1,185000,0,0,0,0,0,0,0,0,0,0,0,0,0,0,0,0,0,0,0,9250
16,96,4,890000,0,0,0,0,1,0,0,0,1,0,0,0,0,0,0,0,0,1,0,9270.833333
16,58.21,3,540000,0,0,0,1,1,0,0,0,1,0,0,0,0,0,0,0,0,0,1,9276.756571
15,43,3,399000,0,0,0,0,0,0,0,0,0,0,0,0,0,0,0,0,0,0,0,9279.069767
12,72.2,4,670000,0,0,0,0,1,0,1,1,0,0,0,0,0,1,0,0,0,0,0,9279.778393
11,28.5,1,264500,0,0,0,0,0,0,1,0,0,0,0,0,0,0,0,0,0,0,0,9280.701754
12,42.93,3,399000,0,0,0,0,0,0,0,0,0,0,0,0,0,0,0,0,0,0,0,9294.19986
18,107,4,995000,0,0,0,0,1,0,0,0,0,0,0,0,0,0,0,0,0,0,0,9299.065421
20,30,1,279000,0,0,1,0,0,0,0,0,0,0,0,0,0,0,0,0,0,0,0,9300
14,43,3,400000,0,0,0,0,0,0,1,0,0,0,0,0,0,0,0,0,0,0,0,9302.325581
15,94.6,4,880000,0,0,0,0,0,0,0,0,0,0,0,0,0,0,0,0,0,0,0,9302.325581
9,5.91,1,55000,0,0,0,0,1,0,0,0,0,0,0,0,0,0,0,0,0,0,0,9306.260575
19,6.5,1,60500,0,0,1,0,0,0,0,0,0,0,1,0,0,0,0,0,0,1,0,9307.692308
16,9.13,1,85000,0,0,0,0,1,0,0,0,0,0,0,0,0,0,0,0,0,0,0,9309.967141
17,19,1,177000,0,0,0,0,0,0,0,0,0,0,0,0,0,0,0,0,0,0,0,9315.789474
17,93.87,4,875000,0,0,0,0,1,0,0,0,0,0,0,0,0,1,0,0,0,1,0,9321.401939
10,105.95,4,990000,0,0,0,0,0,0,0,0,0,0,0,0,0,0,0,0,0,0,0,9344.030203
12,9.93,1,92800,0,0,0,0,0,0,0,0,0,0,0,0,0,0,0,0,0,0,0,9345.417925
13,48,2,449000,0,0,0,0,0,0,0,0,0,0,0,0,0,0,0,0,0,0,0,9354.166667
15,70,4,655000,0,0,0,0,0,0,1,0,0,0,0,0,0,0,0,1,0,0,0,9357.142857
12,42.64,2,399000,0,0,0,0,0,0,0,0,0,0,0,0,0,0,0,0,0,0,0,9357.410882
14,96,5,899000,0,1,0,0,1,0,1,0,0,0,0,0,0,0,0,1,0,0,0,9364.583333
14,42.68,3,400000,0,0,0,0,0,0,0,0,0,0,0,0,0,0,0,0,0,0,0,9372.071228
20,35.04,1,329000,0,1,0,0,0,0,0,0,0,0,1,0,0,0,0,0,0,0,1,9389.269406
20,28,1,263000,0,0,0,0,0,0,0,0,0,0,0,0,0,0,0,0,0,0,0,9392.857143
19,78.63,3,739000,0,0,0,0,0,0,0,0,0,0,0,0,0,0,0,0,0,0,0,9398.448429
15,76.99,5,724000,0,0,0,1,0,1,0,0,0,0,0,0,0,0,1,0,0,0,0,9403.818678
20,71,3,667800,0,0,0,0,0,0,0,0,0,0,0,0,0,0,0,0,0,0,0,9405.633803
15,76,3,715000,0,0,0,0,0,0,0,0,0,0,0,0,0,0,0,0,0,0,0,9407.894737
20,17,1,160000,0,0,1,0,1,0,0,0,0,0,0,0,0,0,0,0,0,0,0,9411.764706
20,60,3,565000,0,0,0,0,1,0,0,0,0,0,0,0,0,1,1,0,0,0,0,9416.666667
12,58.33,3,549500,0,0,0,0,0,0,0,0,0,0,0,0,0,0,0,0,0,0,0,9420.538316
10,40.33,2,380000,0,0,0,0,0,0,0,0,0,0,0,0,0,0,0,0,0,0,0,9422.266303
20,29,1,273500,0,0,1,0,0,0,0,0,0,0,0,0,0,0,0,0,0,0,0,9431.034483
15,105.35,5,994000,0,0,0,0,1,0,1,0,0,0,0,0,0,0,0,1,1,1,0,9435.215947
17,95.26,4,899000,0,0,0,0,1,1,0,0,0,0,0,0,0,0,1,0,0,0,1,9437.329414
19,42.19,2,399000,0,0,0,0,0,0,0,0,0,0,0,0,0,0,0,0,0,0,0,9457.21735
16,50,2,473000,1,0,0,0,1,0,1,0,0,0,0,0,0,0,0,0,0,0,0,9460
18,57.68,3,546000,0,0,0,0,0,0,0,0,0,0,0,0,0,0,1,0,0,0,0,9466.019417
17,16.58,1,157000,0,0,0,0,0,0,0,0,0,0,0,0,0,0,0,0,0,0,0,9469.240048
10,66,3,625000,0,0,1,0,0,0,0,0,0,0,0,0,0,0,0,0,0,0,0,9469.69697
16,34,1,322000,0,0,0,0,1,0,0,0,1,0,0,0,0,0,0,0,0,0,1,9470.588235
17,19,1,180000,0,0,0,0,0,0,0,0,0,0,0,0,0,0,0,0,0,0,0,9473.684211
18,90.17,6,855000,0,0,0,0,0,0,1,0,0,0,0,0,0,0,0,0,0,0,0,9482.089387
16,60,3,569000,0,0,0,0,0,0,0,0,0,0,0,0,0,0,0,0,0,0,0,9483.333333
16,103,5,977000,0,0,0,0,1,0,0,0,0,0,0,0,0,0,0,0,0,0,0,9485.436893
14,39,2,370000,0,0,0,0,0,0,0,0,0,0,0,0,0,0,0,0,0,0,0,9487.179487
16,47,2,446000,0,1,0,0,0,0,0,0,1,0,0,0,0,0,0,1,0,0,0,9489.361702
18,17.27,1,164000,0,0,0,0,0,0,0,0,0,0,0,0,0,0,0,0,0,0,0,9496.236248
15,47.06,2,447000,0,0,0,0,0,0,0,0,0,0,0,0,0,0,0,0,0,0,0,9498.512537
14,31.04,3,295000,0,0,0,0,0,0,0,0,0,0,0,0,0,0,0,0,0,0,0,9503.865979
12,33.13,2,315000,0,0,0,0,0,0,1,1,0,0,0,0,0,0,0,0,0,0,0,9507.998793
16,43,2,409000,0,0,1,0,1,0,1,0,0,0,0,0,0,0,0,0,0,1,0,9511.627907
16,39.94,2,380000,0,0,0,0,1,0,1,0,1,0,0,0,0,0,0,0,0,0,0,9514.271407
12,31,1,295000,0,0,0,1,1,0,0,0,0,0,0,0,0,0,0,0,0,0,1,9516.129032
20,32.55,1,310000,0,0,0,0,1,0,0,0,1,0,0,0,0,0,0,0,0,0,0,9523.809524
19,42,2,400000,0,0,0,0,0,0,0,0,0,0,0,0,0,0,0,0,0,0,0,9523.809524
14,68.23,3,650000,0,0,0,0,0,0,0,0,0,0,0,0,0,0,0,0,0,0,0,9526.601202
14,91.8,4,875000,0,0,0,0,0,1,0,0,0,0,0,0,0,0,0,0,0,0,0,9531.590414
15,57.68,3,550000,0,1,0,0,1,0,0,0,0,0,0,0,0,0,0,1,0,0,1,9535.367545
15,67.57,4,645000,0,0,0,0,0,0,0,0,0,0,0,0,0,0,0,0,0,0,0,9545.656356
14,67.02,3,640000,0,0,0,0,0,0,0,0,0,0,0,0,0,0,0,0,0,0,0,9549.388242
9,27.12,2,259000,0,0,0,0,0,0,0,0,0,0,0,0,0,0,0,0,0,0,0,9550.147493
18,47,3,449000,0,0,0,0,0,0,0,0,0,0,0,0,0,0,0,0,0,0,0,9553.191489
12,47.25,2,451500,0,0,0,0,0,0,0,0,0,0,0,0,0,0,0,0,0,0,0,9555.555556
13,64.83,3,620000,0,0,0,0,0,0,0,0,0,0,0,0,0,0,0,0,0,0,0,9563.4737
13,48.08,2,460000,0,0,0,0,0,0,0,0,0,0,0,0,0,0,0,0,0,0,0,9567.387687
9,67.78,3,649000,0,0,0,0,0,0,0,0,0,0,0,0,0,0,0,0,0,0,0,9575.095898
12,34.34,2,329000,0,0,0,0,0,0,0,0,0,0,0,0,0,0,0,0,0,0,0,9580.663949
15,70.35,3,675000,0,0,0,0,0,1,0,0,0,0,0,0,0,0,1,0,0,0,0,9594.882729
15,55.75,3,535000,0,0,0,0,0,0,0,0,0,0,0,0,0,0,0,0,0,0,0,9596.412556
15,74.5,4,715000,0,0,0,0,0,0,0,0,0,0,0,0,0,0,0,0,0,0,0,9597.315436
18,92.15,5,885000,0,0,0,0,0,0,0,0,0,0,0,0,0,0,0,0,0,0,0,9603.906674
11,29.15,1,280000,0,0,0,0,1,0,1,0,0,0,0,0,0,0,0,0,0,0,0,9605.488851
12,60,3,577000,0,1,0,0,1,0,0,0,1,0,0,0,0,0,0,0,0,0,0,9616.666667
15,79,4,760000,1,1,0,1,0,0,1,0,1,0,0,0,0,0,0,0,0,0,0,9620.253165
19,64.75,3,623000,0,0,0,0,0,0,0,0,0,0,0,0,0,0,0,0,0,0,0,9621.621622
13,43.64,3,420000,0,0,0,0,0,0,0,0,0,0,0,0,0,0,0,0,0,0,0,9624.197984
10,67.4,3,649000,0,0,0,0,0,0,0,0,0,0,0,0,0,0,0,0,0,0,0,9629.080119
18,26.88,1,259000,0,0,0,1,0,0,0,0,0,0,0,0,0,1,0,1,1,0,0,9635.416667
14,27.5,2,265000,0,0,0,0,0,0,0,0,0,0,0,0,0,0,0,0,0,0,0,9636.363636
13,65.8,4,635000,0,0,0,0,1,0,0,0,0,0,0,0,0,0,0,1,0,0,1,9650.455927
10,10.2,1,98450,0,0,0,0,0,0,0,0,0,0,0,0,0,0,0,0,0,0,0,9651.960784
15,43.51,2,420000,0,0,0,0,0,0,0,0,0,0,0,0,0,0,0,0,0,0,0,9652.953344
14,49.82,3,481000,0,0,0,0,0,0,0,0,0,0,0,0,0,0,0,0,0,0,0,9654.757126
13,74.26,4,717000,0,0,1,0,1,0,1,1,0,0,0,0,0,0,0,0,0,0,0,9655.265284
17,36.35,2,351000,0,0,0,1,0,0,0,1,1,0,0,0,0,0,1,0,0,0,0,9656.121045
13,54.88,3,530000,0,0,0,0,0,0,0,0,0,0,0,0,0,0,0,0,0,0,0,9657.434402
16,77,3,744000,0,0,0,0,1,0,0,0,0,0,0,0,0,0,0,1,0,1,0,9662.337662
17,11.9,1,115000,0,0,0,0,1,0,1,1,0,0,1,0,0,0,0,0,0,0,0,9663.865546
12,93,5,899000,0,0,0,0,0,0,0,0,0,0,0,0,0,0,0,0,0,0,0,9666.666667
15,42.82,2,414000,0,0,0,0,0,0,1,0,0,0,0,0,0,0,0,1,0,0,0,9668.379262
19,22.71,2,220000,0,0,0,0,0,0,0,0,0,0,0,0,0,0,0,0,0,0,0,9687.362395
15,73.79,4,715000,0,0,0,0,0,0,1,0,0,0,0,0,0,0,0,0,0,0,0,9689.659846
16,88.23,3,855000,0,1,0,0,1,1,0,0,0,0,0,0,0,1,0,1,0,0,0,9690.581435
15,49,3,475000,0,0,0,0,0,0,0,0,0,0,0,0,0,0,1,0,0,0,0,9693.877551
15,80.33,4,780000,0,0,0,0,0,0,0,0,0,0,1,0,0,0,0,0,0,0,0,9709.946471
13,18.51,1,180000,0,0,1,0,0,0,0,0,0,0,0,0,0,0,0,0,0,0,0,9724.473258
20,18.51,1,180000,0,0,0,0,0,0,1,1,1,0,0,0,0,0,0,0,0,0,0,9724.473258
17,22,2,214000,0,0,0,0,0,0,0,0,0,0,0,0,0,0,0,0,0,0,0,9727.272727
20,37.5,2,365000,0,0,1,0,0,0,0,0,0,0,0,0,0,0,0,0,0,0,0,9733.333333
12,30.27,1,295000,0,0,0,0,0,0,0,0,0,0,0,0,0,0,0,0,0,0,0,9745.622729
12,40.51,1,395000,0,0,0,0,0,0,0,0,0,0,0,0,0,0,0,0,0,0,0,9750.678845
18,46,3,449000,0,0,1,0,0,0,1,1,0,0,0,0,0,0,0,0,0,0,0,9760.869565
11,21.86,1,213400,0,0,0,0,0,0,0,0,0,0,0,0,0,0,0,0,0,0,0,9762.122598
17,57.36,3,560000,0,0,0,0,0,0,0,0,0,0,0,0,0,0,0,0,0,0,0,9762.900976
15,58.14,3,568000,0,0,0,0,1,1,0,0,0,0,0,0,0,0,0,0,0,0,0,9769.521844
19,47.02,3,460000,0,0,0,0,0,0,1,0,0,0,0,0,0,0,0,0,1,0,0,9783.071034
10,70,3,685000,0,0,0,0,0,0,0,0,0,0,0,0,0,0,0,0,0,0,0,9785.714286
12,40.85,2,400000,0,0,0,0,0,0,0,0,0,0,0,0,0,0,0,0,0,0,0,9791.921665
19,28.58,1,280000,0,0,0,0,0,1,0,0,0,0,0,0,0,0,0,0,0,0,0,9797.060882
15,79.58,4,780000,0,0,0,0,0,0,0,0,0,0,0,0,0,0,0,0,0,0,0,9801.457653
19,48.46,3,475000,0,0,0,0,0,0,0,0,0,0,0,0,0,0,0,0,0,0,0,9801.898473
12,77.4,4,759000,0,0,0,0,0,0,1,0,0,0,0,1,0,0,0,0,0,0,0,9806.20155
14,96.81,4,950000,0,0,0,0,1,0,1,0,1,0,0,0,0,0,0,1,0,0,0,9813.035843
15,35.54,2,349000,0,0,0,0,0,0,1,0,0,0,0,0,0,0,0,1,0,0,0,9819.921216
17,71.25,3,700000,0,0,0,0,1,0,0,0,0,0,1,0,0,0,0,0,0,0,1,9824.561404
17,95.65,5,940000,0,0,0,0,1,0,0,0,0,0,0,0,0,0,0,0,0,0,0,9827.496079
17,36.01,2,354000,0,0,0,0,0,0,1,0,1,0,1,0,0,0,0,0,0,0,0,9830.60261
11,23.88,1,235000,1,0,0,0,0,0,0,0,0,0,1,0,0,0,0,0,0,0,0,9840.871022
16,30.35,1,299000,0,1,0,0,0,0,0,0,0,0,0,0,0,0,0,1,0,0,1,9851.729819
18,30.41,1,300000,0,0,0,0,0,0,0,0,0,0,0,0,0,0,0,0,0,0,0,9865.175929
10,91.07,4,899000,0,0,0,0,0,0,0,0,0,0,0,0,0,0,0,0,0,0,0,9871.527397
16,99.75,4,985000,0,1,0,0,0,0,0,0,1,0,0,0,0,0,0,1,0,0,1,9874.686717
16,80,3,790000,0,0,0,0,1,0,1,0,0,0,0,0,0,0,0,0,0,0,0,9875
20,29.36,1,290000,1,1,0,0,1,0,0,0,0,0,1,0,0,0,0,0,0,0,1,9877.384196
18,42.93,2,425000,0,0,0,0,0,0,0,0,0,0,0,0,0,0,0,0,0,0,0,9899.836944
13,100,5,990000,0,0,0,0,0,0,0,0,0,0,0,0,0,0,0,0,0,0,0,9900
20,61,3,605000,0,0,0,0,0,0,1,0,0,0,0,0,0,0,1,0,0,0,0,9918.032787
16,10.07,1,100000,0,0,0,0,1,0,0,0,0,0,0,0,0,0,0,0,0,0,1,9930.486594
13,80.44,3,799500,0,0,0,0,0,0,0,0,0,0,0,0,0,0,0,0,0,0,0,9939.085032
15,42.33,2,421000,0,0,0,0,0,0,0,0,0,0,0,0,0,0,0,0,0,1,0,9945.665013
13,78.41,3,780000,0,0,0,0,0,0,0,0,0,0,0,0,0,0,0,0,0,0,0,9947.710751
18,24,2,239000,0,0,0,0,0,0,0,1,0,0,0,0,0,0,0,0,0,0,0,9958.333333
11,78.32,4,780000,0,0,0,0,1,0,0,0,0,0,0,0,0,0,0,0,0,1,0,9959.141982
15,66.25,3,660000,0,0,0,0,0,0,1,0,1,0,0,0,0,0,0,0,0,0,0,9962.264151
15,58.2,3,580000,0,0,0,0,1,0,0,0,0,0,0,0,0,0,0,0,0,0,0,9965.635739
9,42.63,1,425000,0,0,0,1,1,0,0,0,0,0,0,0,0,0,0,0,0,0,0,9969.505043
20,50,2,499000,1,0,0,1,0,0,0,0,0,0,0,0,0,0,0,1,1,0,1,9980
12,57.9,3,578000,0,0,0,0,0,0,0,0,0,0,0,0,0,0,0,0,0,0,0,9982.728843
11,42.07,3,420000,0,0,0,0,0,0,0,1,1,0,0,0,0,0,0,0,0,0,0,9983.361065
18,25.04,2,250000,0,0,0,0,0,0,0,0,0,0,0,0,0,0,0,0,0,0,0,9984.025559
15,77.07,3,769900,0,0,0,0,0,0,0,0,0,0,1,1,0,0,0,1,0,0,0,9989.619826
20,14.5,1,145000,0,0,0,0,0,0,0,0,0,0,0,0,0,0,0,0,0,0,0,10000
15,53,2,530000,0,1,0,0,1,1,0,0,0,0,0,0,0,0,0,0,0,0,0,10000
18,31.6,2,317000,0,0,1,0,0,0,1,0,0,0,0,0,0,0,0,0,0,0,0,10031.64557
15,47.23,3,474000,0,0,1,0,1,0,0,0,1,0,0,0,0,0,1,0,0,0,0,10035.99407
18,24.41,1,245000,0,0,0,0,0,0,0,0,0,0,0,0,0,0,0,0,0,0,0,10036.87014
15,69.23,3,695000,0,0,0,0,0,0,0,0,0,0,0,0,0,0,0,0,0,0,0,10039.00043
13,64.06,3,644800,0,0,0,0,0,0,0,0,0,0,0,0,0,0,0,0,0,0,0,10065.56353
13,56.82,3,572000,0,0,0,0,0,0,0,0,0,0,0,0,0,0,0,0,0,0,0,10066.87786
16,74,3,745000,0,0,1,0,1,0,0,0,0,0,0,0,0,0,0,1,0,1,0,10067.56757
11,69.42,3,699000,0,0,1,0,0,0,0,0,0,0,0,0,0,0,0,0,0,0,0,10069.14434
14,20.84,1,210000,0,0,0,0,0,0,0,0,0,0,0,0,0,0,0,0,0,0,0,10076.77543
11,14.36,1,145000,0,0,1,0,1,0,0,0,0,0,0,0,0,0,0,0,0,0,0,10097.49304
16,37.51,2,379000,0,0,0,0,0,0,0,1,0,0,0,0,0,0,0,0,0,0,0,10103.97227
18,30.1,2,305000,0,0,0,0,0,0,1,1,0,0,0,0,0,0,0,0,0,0,0,10132.89037
11,90.7,4,920000,0,0,0,0,1,0,0,1,0,0,0,0,0,0,0,0,0,0,0,10143.32966
17,78.7,4,799000,0,0,0,0,0,0,0,0,0,0,0,0,0,0,0,0,0,0,0,10152.47776
15,64,3,650000,0,0,1,0,1,0,0,0,0,0,0,0,0,0,0,0,0,0,0,10156.25
11,53.16,3,540000,0,0,0,0,0,0,0,0,0,0,0,0,0,0,0,0,0,0,0,10158.01354
12,65.77,3,669000,0,0,0,0,0,0,0,0,0,0,0,0,0,0,0,0,0,0,0,10171.81086
20,15.2,1,155000,0,0,0,0,0,0,0,0,0,0,0,0,0,0,0,0,0,0,0,10197.36842
12,93.6,4,955000,0,0,0,0,1,0,0,0,0,0,0,0,0,0,1,0,0,1,0,10202.99145
17,17.15,1,175000,0,0,0,0,0,0,0,0,0,0,0,0,0,0,0,0,0,0,0,10204.08163
19,19.5,1,199000,0,0,0,0,0,0,0,0,0,0,0,0,0,0,0,0,0,0,0,10205.12821
14,24.48,2,250000,0,0,0,0,1,0,1,0,0,0,0,0,0,0,0,0,0,1,0,10212.4183
15,76.86,3,785000,0,0,0,0,0,0,0,0,0,0,0,0,0,0,0,0,0,0,0,10213.37497
15,62.65,3,640000,0,0,0,0,0,0,0,0,0,0,0,0,0,0,0,0,0,0,0,10215.48284
16,41,2,419000,0,1,0,1,1,0,0,0,0,0,0,0,0,0,0,1,0,0,0,10219.5122
17,66.52,3,680000,0,0,0,0,1,0,0,0,0,0,0,0,0,0,0,1,0,0,1,10222.48948
17,66.52,3,680000,0,1,0,0,1,0,0,0,0,0,0,0,0,0,0,1,0,0,1,10222.48948
14,24.55,1,251000,0,0,0,0,0,0,0,0,0,0,0,0,0,0,0,0,0,0,0,10224.03259
15,67.07,3,685750,0,0,0,0,0,0,0,0,0,0,0,0,0,0,0,0,0,0,0,10224.39243
15,55.64,3,569000,0,0,0,0,0,0,0,0,0,0,0,0,0,0,0,0,0,0,0,10226.45579
17,51.26,2,525000,0,0,0,0,0,0,0,0,0,0,1,0,0,0,0,0,0,0,0,10241.90402
20,40,2,410000,0,0,0,0,0,0,1,0,0,0,0,0,0,0,0,0,0,0,0,10250
20,52.63,3,539900,0,0,0,0,1,0,1,0,1,0,0,0,0,0,0,0,0,1,0,10258.40775
15,61.41,3,630000,0,0,0,0,0,0,0,1,0,0,0,0,0,0,0,0,0,0,0,10258.91549
11,19,1,195000,0,0,0,0,1,0,0,0,0,0,0,0,0,0,0,0,0,0,0,10263.15789
16,37.47,2,385000,0,0,0,0,0,0,1,1,0,0,0,0,0,0,0,0,0,1,0,10274.88658
13,18.88,1,194000,0,0,0,0,0,0,0,0,0,0,0,0,0,0,0,0,0,0,0,10275.42373
12,33.76,2,347000,0,0,0,0,0,0,0,0,0,0,0,0,0,0,0,0,0,0,0,10278.43602
18,19.36,2,199000,0,0,0,0,0,0,1,0,0,0,0,0,0,0,0,0,0,0,0,10278.92562
10,68,3,699000,0,0,0,0,0,0,0,0,0,0,0,0,0,0,0,0,0,0,0,10279.41176
19,68,3,699000,1,0,0,0,0,0,0,0,0,0,0,0,0,0,0,0,0,0,0,10279.41176
15,29.18,1,300000,0,0,0,0,0,0,0,0,0,0,0,0,0,0,0,0,0,0,0,10281.01439
18,36.21,3,372400,0,0,0,0,0,0,1,0,0,0,0,0,0,0,0,0,0,0,0,10284.45181
6,34,2,349800,0,0,0,0,0,0,0,0,0,0,0,0,0,0,0,0,0,0,0,10288.23529
14,34,2,350000,0,0,0,0,1,0,1,0,0,0,0,0,0,0,0,0,0,0,0,10294.11765
14,34,2,350000,0,0,0,0,0,0,1,0,0,0,0,0,0,0,0,0,0,0,0,10294.11765
17,30,2,309000,0,0,0,0,1,0,0,0,0,0,0,0,0,1,0,0,0,0,0,10300
11,25,2,258000,0,0,0,0,0,0,1,0,0,0,0,0,0,0,0,0,0,0,0,10320
17,68.24,3,705000,0,0,0,0,0,0,0,0,0,0,0,0,0,0,0,0,0,0,0,10331.18406
15,15,1,155000,0,0,0,0,0,0,1,0,0,0,0,0,0,0,0,1,0,0,0,10333.33333
18,48,2,496400,0,0,0,0,0,0,0,0,0,0,0,0,0,0,0,0,0,0,0,10341.66667
18,38.57,2,399000,0,0,0,0,0,0,0,0,0,0,0,0,0,0,0,0,0,0,0,10344.82759
16,45.32,3,469000,0,0,0,0,0,0,0,0,0,0,0,0,0,0,0,0,0,0,0,10348.63195
20,53.08,2,549900,0,1,0,0,0,0,0,0,0,0,1,0,0,1,1,0,1,0,0,10359.83421
15,41.02,2,425000,0,0,0,0,0,0,0,0,0,0,0,0,0,0,0,0,0,0,0,10360.79961
19,48.15,3,499000,0,0,0,0,0,0,0,0,0,0,0,0,0,0,0,0,0,0,0,10363.44756
10,17.64,1,183000,0,0,1,0,0,0,0,0,0,0,0,0,0,0,0,0,0,0,0,10374.14966
18,49.53,3,515000,0,0,0,0,0,0,0,0,0,0,0,0,0,0,0,0,0,0,0,10397.73874
12,72,3,749000,0,0,0,0,0,0,0,0,0,0,0,0,0,1,0,0,0,0,0,10402.77778
11,28.74,1,299000,0,0,0,0,0,0,0,0,0,0,0,0,0,0,0,0,0,0,0,10403.61865
12,47,3,489000,0,0,0,0,0,0,0,0,0,0,0,0,0,0,0,0,0,0,0,10404.25532
15,59.52,3,620000,1,0,0,0,1,0,0,0,1,0,0,0,0,0,1,0,0,0,0,10416.66667
15,53.7,3,560000,0,0,1,0,1,1,0,0,0,0,0,0,0,0,0,0,0,0,0,10428.3054
16,43.15,2,450000,0,1,1,0,1,0,0,0,0,0,0,0,0,1,0,1,0,0,0,10428.73696
15,67.1,3,700000,0,0,0,0,0,0,1,0,0,0,0,0,0,0,0,0,0,0,0,10432.19076
12,34.5,2,360000,0,0,0,0,0,0,0,0,0,0,0,0,0,0,0,0,1,1,0,10434.78261
15,53.66,3,560000,0,1,0,0,1,0,0,0,1,0,0,0,0,0,0,0,0,0,1,10436.07902
15,85.76,4,895000,0,0,0,0,0,0,0,0,0,0,0,0,0,0,0,0,0,1,0,10436.10075
15,16,1,167000,1,0,1,0,0,0,0,1,0,0,0,0,0,0,0,0,0,0,0,10437.5
17,45.5,2,475000,0,0,0,0,0,0,0,0,0,0,0,0,0,0,0,0,0,0,0,10439.56044
15,68,3,710000,0,0,0,0,0,0,0,0,0,0,0,0,0,0,0,0,0,0,0,10441.17647
20,50.28,2,525000,0,0,0,0,0,0,0,0,0,0,0,0,0,0,0,0,0,0,0,10441.52745
12,60.21,3,629000,0,0,0,0,0,0,0,0,0,0,0,0,0,0,0,0,0,0,0,10446.76964
16,33,2,345000,0,0,0,0,0,0,0,0,0,0,0,0,0,0,0,0,0,0,0,10454.54545
11,26.3,1,275000,0,0,1,1,0,0,0,0,0,0,0,0,0,0,1,0,0,0,0,10456.27376
14,48,3,502000,0,0,0,0,1,0,0,0,0,0,0,0,0,0,0,0,0,0,0,10458.33333
16,65,3,680000,0,1,0,0,1,0,0,0,0,0,0,0,0,1,0,0,0,0,1,10461.53846
9,6.21,1,65000,0,0,0,0,0,0,0,0,0,0,0,0,0,0,0,0,0,0,0,10466.98873
17,19,1,199000,0,0,0,0,0,0,0,0,0,0,1,0,0,0,1,0,0,0,0,10473.68421
17,35.75,2,374500,0,0,0,0,0,0,0,0,0,0,0,0,0,0,0,0,0,0,0,10475.52448
11,63.95,3,670000,0,0,0,0,0,0,0,0,0,0,0,0,0,0,0,0,0,0,0,10476.93511
13,40.08,2,420000,0,0,0,0,0,0,0,0,0,0,0,0,0,0,0,0,0,0,0,10479.04192
14,41,2,430000,0,0,0,0,0,0,0,0,0,0,0,0,0,0,0,0,0,0,0,10487.80488
15,52.4,3,550000,0,0,0,0,0,0,0,0,0,0,0,0,0,0,0,0,0,0,0,10496.18321
12,11.43,1,120000,0,0,0,0,0,0,0,0,0,0,0,0,0,0,0,0,0,0,0,10498.68766
10,24.63,2,259000,0,0,0,0,0,0,1,0,0,0,0,0,0,1,0,0,0,0,0,10515.63134
11,41.34,2,435000,0,0,0,0,0,0,0,0,0,0,0,0,0,0,0,0,0,0,0,10522.49637
14,68.9,3,725000,0,0,0,0,0,0,0,0,0,0,0,0,0,0,0,0,0,0,0,10522.49637
17,19.48,1,205000,0,0,0,0,0,0,0,0,1,0,0,0,0,0,0,0,0,0,0,10523.61396
18,17,1,179000,0,0,0,1,0,0,1,0,1,0,0,0,0,0,0,0,0,0,0,10529.41176
9,39.7,2,419000,0,0,0,0,0,0,0,0,0,0,0,0,0,0,0,0,0,0,0,10554.15617
17,19.13,1,202000,0,0,0,0,0,0,0,0,0,0,1,0,0,0,0,0,1,0,0,10559.33089
16,84,4,888000,1,0,0,0,0,1,0,1,0,0,0,0,0,0,0,0,0,1,0,10571.42857
11,70.78,3,749000,0,0,0,0,0,0,0,0,0,0,0,0,0,0,0,0,0,0,0,10582.08533
11,59.43,3,629000,0,0,1,0,0,1,0,0,0,0,0,0,0,1,0,0,0,0,0,10583.8802
15,45.35,2,480000,0,0,0,0,0,0,0,0,0,0,0,0,0,0,0,0,0,0,0,10584.34399
11,63.3,3,670000,0,1,0,0,1,0,0,0,0,0,0,0,0,0,0,0,0,0,0,10584.51817
17,48,2,508250,0,0,0,0,0,0,0,0,0,0,0,0,0,0,0,1,0,0,0,10588.54167
17,28.32,2,300000,0,0,0,0,0,0,0,0,0,0,0,0,0,0,0,0,0,0,0,10593.22034
19,32,2,339000,0,0,0,0,0,0,1,0,0,0,0,0,0,0,0,0,0,0,0,10593.75
11,64.08,3,679000,0,1,1,0,1,0,0,0,0,0,0,0,0,0,0,0,0,0,1,10596.12984
18,33.85,2,359000,0,0,0,0,0,0,0,0,0,0,0,0,0,0,0,0,0,0,0,10605.613
10,46.13,2,490000,0,0,0,0,0,0,0,0,0,0,0,0,0,0,0,0,0,0,0,10622.15478
9,39.44,2,419000,0,0,0,0,0,0,1,0,0,0,0,0,0,0,0,0,0,0,0,10623.73225
10,16,1,170000,0,0,0,0,0,0,0,1,0,0,0,0,0,0,0,0,0,0,0,10625
18,42.69,2,453650,1,0,0,0,0,0,0,0,0,0,0,0,0,0,0,0,0,0,0,10626.61045
14,28.69,2,305000,0,0,0,0,0,0,0,0,0,0,0,0,0,0,0,0,0,0,0,10630.88184
14,55,3,585000,1,0,0,0,0,0,0,1,0,0,0,0,0,0,0,0,0,0,0,10636.36364
15,62.03,3,660000,0,0,0,0,0,0,0,0,0,0,0,0,0,0,0,0,0,0,0,10640.0129
17,61.07,3,650000,0,0,1,0,0,0,1,0,0,0,0,0,0,0,0,0,0,0,0,10643.52383
17,7.23,1,77000,0,0,1,0,0,0,0,0,0,0,0,0,0,0,0,0,0,0,0,10650.06916
18,21.77,1,233200,0,0,0,0,0,0,0,0,0,0,0,0,0,0,0,0,0,0,0,10711.98898
15,21.47,1,230000,0,0,0,0,0,0,0,0,0,0,0,0,0,0,0,0,0,0,0,10712.62226
3,14,1,150000,0,1,0,0,0,0,0,0,0,0,1,0,0,1,0,0,0,0,0,10714.28571
4,42.27,2,453000,0,0,0,0,0,0,0,0,0,0,0,0,0,0,0,0,0,0,0,10716.82044
17,48.52,2,520000,0,0,0,0,0,0,0,0,0,0,0,0,0,0,0,0,0,0,0,10717.23001
12,52.7,2,565000,0,0,0,0,0,0,0,0,0,0,0,0,0,0,0,0,0,0,0,10721.06262
19,34.5,2,370000,0,0,0,1,0,1,1,0,1,0,0,0,0,0,0,0,0,0,0,10724.63768
12,83.39,4,895000,0,0,0,0,1,0,0,0,0,0,0,0,0,0,0,0,0,1,0,10732.70176
10,55.81,2,599000,0,0,0,0,1,0,1,0,0,0,0,0,0,0,0,1,0,0,0,10732.84358
10,55.81,2,599000,0,0,0,0,1,0,1,0,0,0,0,0,0,0,0,1,0,0,0,10732.84358
11,17.77,1,191000,0,1,0,0,0,0,1,0,0,0,0,0,0,0,0,0,0,0,0,10748.45245
11,9.21,1,99000,0,0,0,1,0,0,0,0,0,0,0,0,0,0,0,0,0,0,0,10749.18567
18,31.1,1,334380,0,1,0,0,1,0,0,0,1,0,0,0,0,0,0,0,0,0,0,10751.76849
18,35.98,2,387000,0,0,1,0,0,0,1,0,0,0,0,0,0,0,0,0,0,0,0,10755.97554
15,45.45,3,489000,0,0,0,0,0,0,0,0,0,0,0,0,0,0,0,0,0,0,0,10759.07591
16,15.91,1,171200,0,0,1,0,0,0,0,0,0,0,0,0,0,0,0,0,0,0,0,10760.52797
11,29.18,1,314000,1,0,1,0,0,0,0,0,0,0,0,0,0,0,0,0,0,0,1,10760.79507
15,85.45,4,920000,0,0,1,0,1,0,1,0,0,0,0,0,0,0,1,0,0,0,0,10766.53013
17,35.15,2,379000,0,0,1,0,1,0,0,0,0,0,1,0,0,0,0,0,0,0,0,10782.36131
10,24.02,2,259000,0,0,0,0,0,0,1,0,0,0,0,0,0,1,0,0,0,0,0,10782.6811
15,47,2,507000,0,0,0,0,0,0,0,0,0,0,0,0,0,0,0,0,0,0,0,10787.23404
12,63.36,3,684000,0,0,0,0,1,0,0,0,0,0,0,0,0,0,0,0,0,0,0,10795.45455
14,35.01,2,378000,0,0,0,0,0,0,0,0,0,0,0,0,0,0,0,0,0,0,0,10796.91517
15,50,3,540000,0,0,0,0,0,0,0,0,0,0,0,0,0,0,0,0,0,0,0,10800
10,18.05,1,195000,0,0,0,0,0,0,0,0,0,0,0,0,0,0,0,0,0,0,0,10803.3241
15,56,3,605600,1,0,0,1,0,1,0,0,0,0,0,0,0,0,0,0,0,0,0,10814.28571
14,24.04,2,260000,0,0,0,0,0,0,0,0,0,0,0,0,0,0,0,0,0,0,0,10815.30782
15,48.08,2,520000,0,0,0,0,0,0,0,0,0,0,0,0,0,0,0,0,0,0,0,10815.30782
14,36.88,2,399000,0,0,0,0,0,0,0,0,0,0,0,0,0,0,0,0,0,0,0,10818.87202
10,46,2,498000,0,0,0,0,0,0,1,0,0,0,0,0,0,0,0,0,0,0,0,10826.08696
15,35.95,2,390000,0,0,0,0,0,0,0,0,0,0,0,0,0,0,0,0,0,0,0,10848.40056
15,69.59,4,755000,0,0,0,0,0,0,1,0,0,0,0,0,0,0,0,0,0,0,0,10849.25995
2,29,1,315000,0,0,0,0,0,0,0,0,0,0,0,0,0,0,0,0,0,0,0,10862.06897
12,57,3,620000,0,0,0,0,1,0,0,0,0,0,0,0,0,0,0,0,0,0,0,10877.19298
14,90.01,4,980000,0,0,0,0,0,0,0,0,0,0,0,0,0,0,0,0,0,0,0,10887.67915
15,50.1,2,546000,1,1,0,0,1,1,0,0,0,0,0,0,0,0,0,1,0,0,1,10898.20359
15,45.4,2,495000,0,0,0,0,0,0,0,0,0,0,0,0,0,0,0,0,0,0,0,10903.0837
16,82.04,3,895000,0,0,0,0,1,0,0,0,0,0,0,0,0,0,0,0,0,0,0,10909.31253
16,82.04,3,895000,0,0,0,0,1,0,0,0,0,0,0,0,0,0,0,0,0,0,0,10909.31253
16,42.02,2,459000,0,0,0,0,0,0,0,0,0,0,0,0,0,0,0,0,0,0,0,10923.36982
16,32,1,350000,0,0,0,1,1,1,0,0,0,0,0,0,0,0,0,0,0,0,0,10937.5
9,48,1,525000,0,0,0,0,0,0,0,0,0,0,0,0,0,0,0,0,0,0,0,10937.5
9,67.15,3,735000,0,0,0,0,0,0,0,0,0,0,0,0,0,0,0,0,0,0,0,10945.64408
10,19.54,1,214000,0,0,0,0,0,0,0,0,0,0,0,0,0,0,0,0,0,0,0,10951.89355
9,40.1,2,440000,0,0,0,0,0,0,0,0,0,0,0,0,0,0,0,0,0,0,0,10972.56858
18,81,4,890000,0,0,1,0,1,0,0,0,0,0,0,0,0,0,0,0,0,0,0,10987.65432
15,57.75,3,635000,0,0,0,0,0,0,0,0,0,0,0,0,0,0,0,0,0,0,0,10995.671
15,45.37,2,499000,0,0,0,0,0,0,0,0,0,0,0,0,0,0,0,0,0,0,0,10998.45713
15,63.01,3,695000,0,0,0,0,0,0,0,0,0,0,0,0,0,0,0,0,0,0,0,11029.99524
15,48.05,2,530000,0,0,0,0,0,0,0,0,0,0,0,0,0,0,0,0,0,0,0,11030.1769
16,9.02,1,99500,0,1,0,0,1,0,0,0,0,0,0,0,0,0,0,1,0,1,0,11031.04213
11,32.54,1,359000,0,0,0,0,0,0,1,0,0,0,0,0,0,0,0,0,0,0,0,11032.57529
11,22.66,1,250000,1,0,0,0,0,0,1,0,0,0,0,0,0,0,0,0,0,0,0,11032.65666
15,28.9,1,319000,0,0,0,0,0,1,0,0,0,0,0,0,0,0,0,1,0,0,1,11038.06228
14,43.03,2,475000,0,0,1,0,1,0,1,0,1,0,0,0,0,0,0,0,0,0,0,11038.81013
11,53.4,2,590000,0,0,0,0,0,0,0,0,0,0,0,0,0,0,0,0,0,0,0,11048.68914
14,30.31,2,335000,0,0,0,0,0,0,1,0,0,0,0,0,0,0,0,0,0,0,0,11052.45793
18,8.05,1,89000,0,0,0,0,0,0,0,0,0,0,0,0,0,0,0,0,0,0,0,11055.90062
13,41.05,2,454000,0,0,0,0,0,0,0,0,0,0,0,0,0,0,0,0,0,0,0,11059.68331
9,47.85,2,530000,0,0,0,0,0,0,0,0,0,0,0,0,0,0,0,0,0,0,0,11076.28004
16,72.04,4,798000,0,0,0,0,0,0,0,0,0,0,1,0,0,0,0,0,0,0,0,11077.17934
15,62.57,3,694020,0,0,0,0,0,0,0,0,0,0,0,0,0,0,0,0,0,0,0,11091.89708
15,54,3,599000,0,0,0,0,0,0,0,0,0,0,0,0,0,0,0,0,0,0,0,11092.59259
18,32,2,355000,1,0,1,1,0,0,0,0,0,0,0,0,0,0,0,0,0,0,0,11093.75
17,31.54,2,350000,0,0,0,0,0,0,0,0,0,0,0,0,0,0,0,0,0,0,0,11097.01966
11,33.34,1,370000,0,0,0,0,0,0,1,1,0,0,0,0,0,0,0,0,0,0,0,11097.78044
17,17.83,1,197950,0,0,0,0,0,0,0,0,0,0,0,0,0,0,0,0,0,0,0,11102.07515
3,31.52,2,350000,0,0,0,0,0,0,0,0,0,0,0,0,0,1,0,0,0,0,0,11104.06091
17,18,1,200000,0,0,0,0,0,0,0,0,0,0,0,0,0,0,0,0,0,0,0,11111.11111
18,43.2,2,480000,0,0,0,0,1,0,0,0,0,0,0,0,0,0,0,0,1,0,0,11111.11111
15,58.76,3,653000,0,0,0,0,0,0,0,0,0,0,0,0,0,0,0,0,0,0,0,11113.00204
17,34,1,378500,0,0,1,0,1,0,0,0,1,0,0,0,0,0,0,0,0,0,0,11132.35294
18,18.75,1,209000,0,0,1,0,0,0,0,0,0,0,0,0,0,0,0,0,0,0,0,11146.66667
11,40,1,446000,0,0,1,0,1,0,0,0,0,0,0,0,0,0,0,1,0,0,0,11150
11,48,3,535500,0,0,0,0,1,0,0,0,0,0,0,0,0,0,0,0,0,0,0,11156.25
11,48,3,535500,0,0,0,0,1,0,0,0,0,0,0,0,0,0,0,0,0,0,0,11156.25
18,32.15,2,359000,0,0,0,0,0,0,1,0,0,0,0,0,0,0,0,0,0,0,0,11166.40747
15,36,2,402000,0,0,0,0,0,0,0,0,0,0,0,0,0,0,0,0,0,0,0,11166.66667
10,16.11,1,180000,0,0,0,0,0,0,0,0,0,0,0,0,0,0,0,0,0,0,0,11173.18436
15,85,4,950000,0,0,0,0,1,0,0,0,0,0,0,0,0,1,0,0,0,0,0,11176.47059
11,58.14,3,650000,0,0,0,0,0,0,0,0,0,0,0,0,0,0,0,0,0,0,0,11179.91056
11,45.61,2,510000,1,0,0,0,0,0,1,0,0,0,0,0,0,0,0,0,0,0,0,11181.75839
14,38,2,425000,0,0,0,0,0,0,1,0,0,0,0,0,0,0,0,0,0,0,0,11184.21053
20,14.25,1,159500,0,0,0,0,0,0,0,0,0,0,0,0,0,0,0,0,0,0,0,11192.98246
8,7.9,1,88500,0,0,0,0,0,0,0,0,0,0,0,0,0,0,0,0,0,0,0,11202.53165
15,82.05,4,920000,0,0,0,0,0,0,0,0,0,0,0,0,0,0,0,0,0,0,0,11212.6752
12,41.01,2,460000,0,0,0,0,0,0,0,1,0,0,1,0,0,0,0,0,0,0,0,11216.7764
14,28.5,2,320000,0,0,0,0,0,0,0,0,0,0,0,0,0,0,0,0,0,0,0,11228.07018
11,17.75,1,199500,0,0,0,0,0,0,0,0,0,0,0,0,0,0,0,0,0,0,0,11239.43662
12,33.61,2,378000,0,0,1,0,0,0,0,1,0,0,0,0,0,0,0,0,0,0,0,11246.65278
9,64.86,3,730000,0,0,0,0,0,1,0,0,0,0,0,0,0,0,0,0,0,0,0,11255.01079
16,44.21,2,498000,0,0,0,0,0,0,0,0,0,0,0,0,0,0,0,0,0,0,0,11264.41981
16,44.21,2,498000,0,0,0,0,0,0,0,0,0,0,0,0,0,0,0,0,0,0,0,11264.41981
11,51,2,575000,0,1,0,0,1,0,0,0,0,0,0,0,0,0,0,0,0,0,0,11274.5098
15,81.58,4,920000,0,0,0,0,0,0,0,0,0,0,0,0,0,0,0,0,0,0,0,11277.27384
15,7,1,79000,0,0,0,0,1,0,0,0,0,0,0,0,0,0,0,1,0,1,0,11285.71429
14,50,2,565000,1,0,0,1,0,1,0,0,0,0,0,0,0,1,0,0,0,0,0,11300
15,46.01,2,520000,0,0,0,0,0,0,0,0,0,0,0,0,0,0,0,0,0,0,0,11301.89089
11,42.47,2,480000,0,0,0,0,0,0,0,0,0,0,0,0,0,1,1,0,0,0,0,11302.0956
5,26.22,1,296400,0,1,1,0,0,0,0,0,1,0,0,0,0,0,0,0,0,0,0,11304.34783
17,88,4,995000,0,1,0,0,0,0,0,0,0,0,0,0,0,0,0,0,0,0,0,11306.81818
19,20.27,1,229446,0,0,0,1,0,0,1,0,0,0,1,0,0,0,0,0,0,0,0,11319.48693
17,26.5,2,300000,0,0,1,0,0,0,0,0,0,0,0,0,0,0,0,0,0,0,0,11320.75472
15,69.33,3,785000,0,1,0,1,0,0,0,0,0,0,0,1,0,0,0,0,0,0,1,11322.65974
8,82.1,3,930000,0,1,0,0,0,0,0,0,0,0,0,0,0,0,0,1,0,0,0,11327.64921
16,75,4,850000,0,0,0,0,0,0,0,0,0,0,0,0,0,0,0,0,0,0,0,11333.33333
9,82.05,4,930000,0,0,1,0,0,0,0,0,0,0,0,0,0,0,0,0,0,0,0,11334.5521
4,44.11,2,500000,0,0,0,0,0,0,0,0,0,0,0,0,0,0,0,0,0,0,0,11335.29812
15,21.61,1,245000,0,0,0,0,0,0,0,0,0,0,0,0,0,0,0,0,0,0,0,11337.34382
14,13.66,1,155000,0,0,0,0,1,0,1,0,0,0,0,0,0,0,0,0,0,0,0,11346.99854
18,11.54,1,131000,0,0,0,0,0,0,0,0,0,0,0,0,0,0,0,0,0,0,0,11351.81976
5,8.72,1,99000,0,0,0,0,0,0,0,0,0,0,0,0,0,0,0,0,0,0,0,11353.21101
16,44,1,500000,0,0,0,0,0,0,0,0,0,0,0,0,0,0,0,0,0,0,0,11363.63636
15,24.17,1,275000,0,0,0,1,0,0,0,0,0,0,1,0,0,0,0,0,0,0,0,11377.741
17,83.42,4,950000,1,0,0,0,1,0,0,0,0,0,1,0,1,0,0,0,0,0,1,11388.15632
14,38.56,1,440000,0,0,0,0,1,0,0,1,0,0,0,0,0,0,0,0,0,0,0,11410.78838
18,24.2,1,276250,0,0,0,0,0,0,0,0,0,0,0,0,0,0,0,0,0,0,0,11415.28926
11,56.5,3,645000,0,0,0,0,1,0,1,0,0,0,0,0,0,0,0,0,0,0,0,11415.9292
18,65.51,4,749000,0,0,1,0,0,0,0,0,0,0,0,0,0,0,0,0,0,0,0,11433.36895
12,48,2,549000,1,0,1,0,1,1,0,0,0,0,0,0,0,1,0,1,0,0,1,11437.5
11,24.43,2,280000,0,0,0,0,0,0,0,0,0,0,0,0,0,0,0,0,0,0,0,11461.31805
15,25.65,1,294000,0,0,0,0,0,0,0,0,0,0,0,0,0,0,0,0,0,0,0,11461.9883
17,51.03,2,585000,0,0,0,0,1,0,1,1,1,0,1,0,0,0,1,0,0,0,0,11463.8448
19,21.78,2,250000,0,0,0,0,0,0,0,0,0,0,0,0,0,0,0,0,0,0,0,11478.42057
18,27,2,310000,0,0,1,1,0,0,1,0,0,0,0,1,0,0,0,0,0,0,0,11481.48148
17,18.71,2,215000,0,0,0,0,0,0,0,0,0,0,0,0,0,0,0,0,0,0,0,11491.18119
12,40.02,2,460000,0,0,0,0,1,0,0,0,1,0,0,0,0,1,0,0,0,1,0,11494.25287
13,20,1,229900,0,0,0,0,0,0,0,0,0,0,0,0,0,0,0,0,0,0,0,11495
17,72.12,3,830000,0,0,0,0,0,0,1,0,0,0,1,0,0,0,0,0,1,0,0,11508.59678
10,16.07,1,185000,0,0,0,0,0,0,0,0,1,0,0,0,0,0,0,0,0,0,0,11512.13441
16,12.41,1,143000,0,0,0,1,0,0,0,0,0,0,0,0,0,0,0,0,0,0,0,11522.96535
17,13.65,1,157500,0,1,0,0,1,0,1,1,0,0,0,0,0,0,0,1,0,0,0,11538.46154
17,13.65,1,157500,0,0,0,0,0,0,0,0,0,0,0,0,0,0,0,0,0,0,0,11538.46154
17,52,2,600000,0,0,0,0,0,0,0,0,0,0,0,0,1,0,0,0,0,0,0,11538.46154
11,36.3,1,419000,0,0,0,0,0,1,0,0,0,0,0,0,0,0,0,0,0,0,0,11542.69972
13,18.78,1,217000,0,1,0,0,0,0,0,0,1,0,0,0,0,0,0,0,0,0,0,11554.84558
15,32.02,1,370000,0,0,0,0,0,0,0,0,0,0,0,0,0,0,0,0,0,0,0,11555.27795
15,35.27,1,408000,0,0,0,0,0,0,0,0,0,0,0,0,0,0,0,0,0,0,0,11567.90473
11,25.5,2,295000,0,0,0,0,1,0,0,1,0,0,0,0,0,0,0,0,0,0,0,11568.62745
3,31,1,359000,0,0,0,0,0,0,1,0,1,0,0,0,0,0,0,0,0,0,0,11580.64516
15,27.61,2,320000,0,0,0,0,0,0,0,0,0,0,0,0,0,0,0,0,0,0,0,11590.00362
13,53.85,3,625000,0,0,0,0,0,0,0,0,0,0,0,0,0,0,0,0,0,0,0,11606.31383
9,30.41,1,353000,0,1,0,0,1,0,0,0,0,0,0,0,0,0,0,0,0,0,0,11608.02368
11,19.8,1,230000,0,0,0,0,0,0,0,0,0,0,0,0,0,0,0,0,0,0,0,11616.16162
18,38.65,2,449000,0,0,0,0,0,0,1,0,0,0,0,1,0,0,0,1,0,0,0,11617.07633
13,27.54,2,320000,0,0,0,0,0,0,0,0,0,0,0,0,0,0,0,0,0,0,0,11619.4626
11,60,2,699000,0,0,0,0,1,0,0,1,0,0,0,0,0,0,0,1,0,0,0,11650
10,68.21,3,795000,0,0,0,0,0,0,0,0,0,0,0,0,0,0,0,0,0,0,0,11655.18252
11,36.01,1,420000,0,0,0,0,0,0,0,1,0,0,0,0,0,0,0,0,0,0,0,11663.42683
14,18,2,210000,0,0,1,0,0,0,0,0,0,0,0,0,0,0,0,0,0,0,0,11666.66667
14,24,1,280000,0,0,0,0,0,0,0,0,0,0,0,0,0,0,0,0,0,0,0,11666.66667
11,52.25,2,610000,0,0,0,0,1,0,0,0,0,0,0,0,0,0,1,0,0,0,0,11674.64115
3,77.93,4,910000,0,0,0,0,0,0,0,0,0,0,0,0,0,0,0,0,0,0,0,11677.14616
12,23.8,1,278000,0,0,0,0,0,0,0,0,0,0,0,0,0,0,0,0,0,0,0,11680.67227
15,48.31,3,565000,1,0,0,0,1,1,0,0,0,0,0,0,0,1,0,1,0,1,0,11695.30118
7,33.73,2,395000,0,0,0,0,1,0,0,0,0,0,0,0,0,0,1,0,0,0,0,11710.64334
15,81,4,950000,0,0,1,0,0,0,0,0,0,0,0,0,0,0,1,1,0,0,0,11728.39506
11,40.04,2,470000,0,0,0,0,0,0,0,0,0,0,0,0,0,0,0,0,0,0,0,11738.26174
16,10.64,1,125000,0,0,1,0,1,0,0,0,0,0,0,0,0,0,0,0,0,0,1,11748.1203
15,51.9,3,610000,0,0,1,0,0,0,0,0,0,0,0,0,0,0,0,0,0,0,0,11753.37187
16,34.45,2,405000,0,0,1,0,1,0,0,0,0,0,0,1,0,0,0,0,0,0,0,11756.16836
15,46.86,2,551250,0,0,0,0,0,0,0,0,0,0,0,0,0,0,0,0,0,0,0,11763.7644
11,9.35,1,110000,1,1,0,0,1,0,0,0,0,0,0,0,0,0,0,0,0,1,0,11764.70588
17,75.41,4,888000,0,0,0,0,0,0,0,0,0,0,0,0,0,0,0,0,0,0,0,11775.62657
3,9,1,106000,1,0,1,1,0,0,1,0,0,0,0,0,0,0,0,0,0,0,0,11777.77778
5,45,2,530000,0,1,0,0,0,0,1,0,0,0,0,0,0,0,0,0,0,0,0,11777.77778
15,73.69,3,869000,0,0,0,0,0,0,0,0,0,0,0,0,0,0,0,0,0,0,0,11792.64486
10,25.92,2,306000,0,0,0,0,0,0,0,0,0,0,0,0,0,0,0,0,0,0,0,11805.55556
15,49.9,3,590000,0,0,0,0,0,0,0,0,0,0,1,0,0,0,0,0,0,0,0,11823.64729
16,17.05,1,202000,0,0,1,0,1,0,0,0,0,0,0,0,0,0,0,0,0,0,0,11847.50733
14,32,2,379500,0,0,0,0,0,1,1,0,0,0,0,0,0,0,0,0,0,0,0,11859.375
18,47.58,2,565000,0,0,0,0,0,0,0,0,0,0,0,1,0,0,0,0,0,0,0,11874.73728
10,10.44,1,124200,0,0,0,0,0,0,0,0,0,0,0,0,0,0,0,0,0,0,0,11896.55172
16,26.45,1,315000,0,0,1,0,0,1,0,1,0,0,0,0,0,0,0,0,0,0,0,11909.26276
4,71.3,3,850000,0,0,0,0,0,0,0,0,0,0,0,0,0,0,0,0,0,0,0,11921.45863
15,31.87,2,380000,0,0,0,0,0,0,0,0,0,0,0,0,0,0,0,0,0,0,0,11923.43897
11,36.02,2,430000,0,0,0,0,0,0,0,0,0,0,0,0,0,0,0,0,0,0,0,11937.81233
15,12.16,1,145290,0,0,0,0,1,1,1,0,0,0,0,0,0,0,0,0,0,0,0,11948.19079
7,43.5,3,520000,0,0,0,0,0,0,0,0,0,0,0,0,0,0,1,0,0,0,0,11954.02299
17,32.2,2,385000,0,0,0,0,0,0,0,0,0,0,0,0,0,0,0,0,0,0,0,11956.52174
15,46.79,3,560000,0,0,0,0,0,0,0,0,0,0,0,0,0,0,0,0,0,0,0,11968.36931
11,37.27,2,447000,0,0,0,0,0,0,0,0,0,0,0,0,0,0,0,0,0,0,0,11993.5605
3,79,4,949000,0,0,0,0,0,0,0,0,0,0,0,0,0,1,0,0,0,0,0,12012.65823
8,35.61,2,428000,0,0,0,0,0,0,0,0,0,0,0,0,0,0,0,0,0,0,0,12019.09576
15,36.16,2,435000,0,0,0,0,0,0,0,0,0,0,0,0,0,0,0,0,0,0,0,12029.86726
7,49.04,2,590000,1,0,0,0,0,0,0,0,0,0,0,0,0,0,0,0,0,0,0,12030.99511
5,72.51,2,875000,0,1,1,0,1,0,0,0,0,0,0,0,0,0,0,1,0,0,1,12067.30106
18,23.9,1,288700,0,0,0,0,0,0,0,0,0,0,0,0,0,0,0,0,0,0,0,12079.49791
17,24.75,1,299000,0,0,0,0,0,0,0,0,0,0,0,0,0,0,0,0,0,0,0,12080.80808
11,27.92,2,337600,0,0,0,0,0,0,0,0,0,0,0,0,0,1,0,0,0,0,0,12091.69054
9,62,3,750000,0,0,0,0,0,0,0,0,0,0,0,0,0,0,0,0,0,0,0,12096.77419
15,69.16,3,840000,1,0,1,0,0,1,0,0,0,0,0,0,0,0,1,0,0,0,0,12145.74899
18,26,2,316000,0,0,0,0,0,0,0,0,1,0,0,0,0,0,0,0,0,1,0,12153.84615
17,51.66,3,630000,0,0,0,0,0,0,0,0,0,0,1,0,0,0,0,0,0,0,0,12195.12195
10,7.87,1,96000,0,0,0,0,0,0,0,0,0,0,0,0,0,0,0,0,0,0,0,12198.22109
11,43,2,525000,1,0,0,0,1,0,0,0,0,0,0,0,0,0,0,1,0,0,1,12209.30233
16,23,1,281000,0,0,0,0,0,0,0,0,0,0,0,0,0,0,0,0,0,0,0,12217.3913
14,9.9,1,121000,0,0,1,0,1,0,0,0,0,0,0,0,0,0,0,0,0,0,0,12222.22222
16,47,2,575000,0,0,0,0,1,0,0,0,0,0,0,0,0,0,1,0,0,0,0,12234.04255
17,23.68,1,290000,0,0,0,0,0,0,0,0,0,0,0,0,0,0,0,0,0,0,0,12246.62162
3,36.65,2,449000,0,0,0,0,0,0,0,0,0,0,0,0,0,0,0,0,0,0,0,12251.02319
15,48.75,2,598000,0,0,0,0,0,0,0,0,0,0,0,0,0,0,0,0,0,0,0,12266.66667
18,15.15,1,186000,0,0,0,1,0,0,1,0,0,0,0,0,0,0,0,0,0,0,0,12277.22772
13,81,4,995000,0,1,0,0,1,0,0,0,1,0,0,0,0,0,0,0,0,0,1,12283.95062
7,23.98,1,295000,0,1,0,0,0,0,0,0,0,0,0,0,0,0,0,0,0,0,0,12301.91827
4,28,1,344500,0,0,0,0,0,0,0,0,0,0,0,0,0,0,0,0,0,0,0,12303.57143
16,69,3,850000,0,0,0,0,0,0,0,0,1,0,0,0,0,0,0,0,0,1,0,12318.84058
13,40.58,2,500000,0,0,0,0,0,0,0,0,0,0,0,0,0,0,0,0,0,0,0,12321.34056
15,67.74,4,835000,0,0,0,1,1,0,0,0,0,0,1,0,0,0,0,0,0,1,0,12326.54266
11,61.65,3,760000,0,0,1,0,0,0,0,0,0,0,0,0,0,0,0,0,0,0,0,12327.65612
18,20,1,246750,0,0,1,0,0,0,1,0,0,0,0,0,0,1,0,0,0,0,0,12337.5
15,31.61,1,390000,0,0,0,0,0,0,0,0,0,0,0,0,0,0,0,0,0,0,0,12337.86776
16,68.84,3,850000,0,0,0,0,0,0,0,0,0,0,0,0,0,0,0,0,0,0,0,12347.4724
6,76.04,3,940000,0,0,0,0,0,0,1,0,0,0,0,0,0,0,1,0,0,0,0,12361.91478
3,29.1,1,360000,0,0,0,0,0,0,1,0,0,0,0,0,0,0,1,0,0,0,0,12371.13402
14,21.17,2,262000,0,0,0,0,0,0,0,0,0,0,0,0,0,0,0,0,0,0,0,12376.00378
10,31.1,2,385000,0,0,0,0,0,0,0,0,0,0,0,0,0,0,0,0,0,0,0,12379.42122
16,68.55,3,850000,0,0,0,0,0,0,0,0,0,0,0,0,0,0,1,0,0,0,0,12399.70824
17,59.06,2,735000,0,0,0,0,0,0,0,0,0,0,1,0,0,0,0,0,0,0,0,12444.97122
11,29.22,2,364000,0,0,0,0,0,0,0,0,0,0,0,0,0,0,0,0,0,0,0,12457.22108
10,7.8,1,97200,0,0,0,0,0,0,0,0,0,0,0,0,0,0,0,0,0,0,0,12461.53846
17,15.45,1,192600,0,0,0,0,0,0,0,0,0,0,0,0,0,0,0,0,0,0,0,12466.01942
18,63.36,3,790000,0,0,0,0,0,0,0,0,0,0,0,0,0,0,0,0,0,0,0,12468.43434
18,41.62,2,520000,1,0,0,0,1,0,0,0,0,0,0,0,0,0,0,0,0,1,0,12493.99327
15,24,1,300000,0,0,0,0,0,0,0,1,0,0,0,0,0,0,0,0,0,0,0,12500
15,39.92,1,499000,0,0,0,0,1,0,0,0,1,0,1,0,0,0,0,0,0,0,1,12500
15,25.04,1,313340,0,0,0,0,0,0,1,0,0,0,0,0,0,0,0,1,0,0,0,12513.57827
15,45.7,2,572000,1,1,0,0,0,0,0,0,0,0,0,0,0,0,0,1,0,0,0,12516.41138
6,71.49,3,895000,0,0,0,0,1,0,0,0,0,0,0,0,0,0,1,0,0,0,0,12519.23346
3,38.74,2,485000,0,0,0,0,0,0,0,0,0,0,0,0,0,0,0,0,0,0,0,12519.35983
18,21.93,1,275000,0,0,1,0,0,0,0,0,0,0,0,0,0,0,0,0,0,0,0,12539.89968
10,21.71,2,273000,0,0,0,0,1,0,1,0,0,0,0,0,0,1,0,0,0,0,0,12574.8503
5,76.92,4,970500,0,1,0,0,1,0,1,0,0,0,0,0,0,0,0,1,0,0,0,12617.00468
16,17.4,1,220000,0,0,1,0,0,0,0,0,0,0,0,0,0,0,0,1,0,1,0,12643.67816
16,28.21,2,357000,0,0,0,0,0,0,1,0,0,0,0,0,0,0,0,1,0,0,0,12655.08685
14,32,2,405000,0,0,0,0,0,0,0,0,0,0,0,0,0,0,0,0,0,0,0,12656.25
16,58,2,735000,0,0,1,0,1,0,0,0,0,0,0,0,0,0,0,0,0,0,0,12672.41379
3,55,3,699000,0,0,0,0,0,0,0,0,0,0,0,0,0,0,0,0,0,0,0,12709.09091
10,6.24,1,79500,0,0,0,0,0,0,0,0,0,0,1,0,0,0,0,0,0,0,0,12740.38462
4,70.26,3,896000,0,0,0,0,0,0,0,0,0,0,0,0,0,0,0,0,0,0,0,12752.63308
15,45,2,575000,0,0,0,0,0,0,0,0,0,0,0,0,0,0,0,0,0,0,0,12777.77778
5,50.78,3,649000,0,0,0,0,1,0,0,0,0,0,0,0,0,0,0,0,0,0,0,12780.62229
11,10.55,1,135000,0,0,0,0,1,0,0,0,1,0,0,0,0,0,0,0,0,0,0,12796.20853
10,10.42,1,133800,0,0,0,0,0,0,0,0,0,0,0,0,0,0,0,0,0,0,0,12840.69098
5,11.52,1,148000,0,0,0,0,0,0,0,0,0,0,0,0,0,0,0,0,0,0,0,12847.22222
15,16.57,1,213000,0,0,0,0,0,0,1,1,0,0,0,0,0,0,0,1,0,0,0,12854.55643
17,40,2,515000,0,0,0,0,0,0,0,0,0,0,0,0,0,0,0,0,0,0,0,12875
14,26,2,335000,0,0,0,0,0,0,0,0,0,0,0,0,0,0,0,0,0,0,0,12884.61538
9,50.01,2,645000,1,0,0,0,0,0,0,0,1,0,0,0,0,0,0,0,0,0,0,12897.42052
11,25.85,1,335000,0,0,0,0,0,0,0,0,0,0,0,0,0,0,0,0,0,0,0,12959.38104
15,14.59,1,189558,0,0,0,0,0,0,0,0,0,0,0,0,0,0,0,0,0,0,0,12992.32351
9,64.99,3,850000,0,0,0,0,0,1,0,0,0,0,0,0,0,0,0,0,0,0,0,13078.93522
12,51.32,2,672000,0,0,0,0,0,0,0,0,0,0,0,0,0,0,0,0,0,0,0,13094.31021
17,73.21,3,960000,0,0,0,0,1,0,0,0,0,0,0,0,0,0,1,0,0,0,0,13112.96271
17,12.65,1,166000,1,0,0,0,0,0,0,0,0,0,0,0,0,0,0,0,0,0,0,13122.52964
7,25.26,1,332000,0,0,0,0,0,0,0,0,0,0,0,0,0,0,0,0,0,0,0,13143.30958
4,30,2,395000,0,0,0,0,0,0,0,0,0,0,0,0,0,0,0,0,0,0,0,13166.66667
9,9.41,1,124000,0,0,0,0,0,0,1,1,0,0,0,0,0,0,0,1,0,0,0,13177.47078
16,73.36,3,968000,0,0,0,0,0,0,1,0,0,0,0,0,0,0,0,0,0,0,0,13195.20174
16,73.36,3,968000,0,0,0,0,0,0,1,0,0,0,0,0,0,0,0,0,0,0,0,13195.20174
5,37.5,2,495000,0,0,0,0,0,0,1,0,0,0,0,0,0,0,0,0,0,0,0,13200
9,67.75,4,895000,0,0,0,0,0,0,0,0,0,0,0,0,0,0,0,0,0,0,0,13210.3321
15,11.32,1,150000,0,0,0,0,0,0,0,0,0,0,0,0,0,0,0,0,0,0,0,13250.88339
8,52.41,3,695000,0,0,0,0,0,0,0,0,0,0,0,0,0,0,0,0,0,0,0,13260.82809
20,23.11,2,307400,0,0,0,0,0,0,0,1,0,0,0,0,0,0,0,0,0,0,0,13301.60104
4,71,3,945000,0,0,0,0,0,0,0,0,0,0,0,0,0,0,0,0,0,0,0,13309.85915
7,13.86,1,185000,1,0,0,0,0,0,0,0,0,0,0,0,1,0,0,0,0,0,0,13347.76335
16,11.59,1,155000,1,0,1,0,0,0,0,0,0,0,0,0,0,0,0,1,0,0,0,13373.59793
5,14.65,1,196000,0,1,0,0,0,0,1,0,0,0,0,0,0,0,0,0,0,0,0,13378.83959
5,20.08,1,270000,0,0,0,0,0,0,0,0,0,0,0,0,0,0,0,0,0,0,0,13446.21514
3,12.64,1,170000,0,0,0,0,0,0,0,0,0,0,0,0,0,0,0,0,0,0,0,13449.36709
3,52,4,700000,0,0,0,0,0,0,0,0,0,0,0,0,0,0,0,0,0,0,0,13461.53846
4,70.2,2,945000,0,0,0,0,0,0,0,0,0,0,0,0,0,0,0,0,0,0,0,13461.53846
15,29.53,1,400000,0,0,0,0,0,0,0,0,0,0,0,0,0,0,0,0,0,0,0,13545.5469
3,29.11,2,395000,0,0,0,0,0,0,0,0,0,0,0,0,0,0,0,0,0,0,0,13569.2202
4,25,1,342000,0,0,1,0,0,0,1,0,0,0,0,0,0,0,0,0,1,0,0,13680
4,65.86,2,901000,0,0,0,0,0,0,0,0,0,0,0,0,0,0,0,0,0,0,0,13680.53447
11,23.11,2,316500,0,0,0,0,0,0,0,0,0,0,0,0,0,0,0,0,0,0,0,13695.36997
3,53.11,2,728000,1,0,0,0,1,1,1,0,0,0,0,0,0,0,0,0,0,0,0,13707.39974
15,27.2,1,372952,0,0,0,0,0,1,0,0,0,0,0,0,0,0,0,0,0,0,0,13711.47059
16,40.07,2,550000,0,0,0,0,1,0,0,0,0,0,0,1,0,0,0,0,0,0,0,13725.97954
4,41.1,2,565000,0,0,1,0,0,0,0,0,0,0,0,0,0,0,0,0,0,0,0,13746.95864
4,38.52,1,530000,0,0,0,0,0,0,0,0,0,0,0,0,0,0,0,0,0,0,0,13759.08619
4,50.76,3,699000,0,0,0,0,0,0,0,1,0,0,0,0,0,0,0,0,0,0,0,13770.68558
7,6.12,1,85000,0,0,1,0,1,0,0,0,0,0,0,0,0,0,0,0,0,0,0,13888.88889
5,39.08,2,545000,0,0,0,0,1,0,0,0,0,0,0,0,0,0,0,0,0,0,0,13945.7523
5,70.24,3,990000,0,1,0,0,1,0,0,0,0,0,0,0,0,0,0,0,0,0,0,14094.53303
14,46,2,650000,0,0,0,0,0,0,0,0,0,0,0,0,0,0,0,0,0,0,0,14130.43478
5,70.24,3,995000,0,1,0,0,1,1,0,0,0,0,0,0,0,0,0,0,0,0,0,14165.71754
4,27.87,1,399000,0,0,0,0,0,0,1,0,0,0,0,0,0,0,0,0,0,0,0,14316.46932
5,20.87,1,300000,0,1,0,0,0,0,0,0,1,0,0,0,0,0,0,0,0,0,1,14374.70053
8,63,2,907300,0,0,1,0,1,0,0,0,0,0,0,0,0,0,0,0,0,0,0,14401.5873
6,27,1,389000,0,1,1,0,1,0,1,0,0,0,0,0,0,0,0,0,0,0,0,14407.40741
7,16.17,1,235000,0,0,0,0,1,0,1,0,0,0,1,0,0,0,0,1,0,0,0,14533.08596
11,42.96,2,625000,0,0,0,0,1,0,0,0,0,0,0,0,0,0,0,1,1,0,0,14548.41713
9,54.08,3,790000,0,0,1,0,1,1,1,0,0,0,0,0,0,0,0,0,0,0,0,14607.98817
19,9.9,1,145000,0,0,0,0,0,0,0,0,0,0,0,0,0,0,0,0,0,0,0,14646.46465
5,17,1,249000,0,0,0,0,1,0,1,0,0,0,0,0,0,0,0,0,0,0,0,14647.05882
14,13.01,1,190800,0,0,0,0,0,0,0,0,0,0,0,0,0,0,0,0,0,0,0,14665.64181
6,40,2,590000,0,1,0,0,0,0,1,0,1,0,0,0,0,0,0,0,0,0,0,14750
7,22.64,2,334000,0,0,0,0,1,0,0,0,0,0,0,0,0,0,0,0,0,0,0,14752.65018
16,35.44,1,525000,0,0,1,1,0,0,0,0,0,0,0,0,0,0,0,0,0,0,0,14813.76975
15,11.26,1,167000,0,0,0,0,0,0,0,0,0,0,0,0,0,0,0,0,0,0,0,14831.2611
3,66.72,2,990000,0,0,0,0,0,0,0,0,0,0,0,0,0,0,0,0,0,0,0,14838.1295
6,39.92,2,598000,1,0,0,0,1,0,1,0,0,0,0,0,0,0,0,0,0,0,0,14979.95992
8,43.85,2,657200,0,0,0,0,0,0,0,0,0,0,0,0,0,0,0,0,0,0,0,14987.45724
6,33.35,2,500000,0,0,0,0,0,0,0,0,0,0,0,0,0,0,0,0,0,0,0,14992.50375
16,27.63,1,417000,0,1,0,1,1,0,0,0,0,0,0,0,0,0,0,0,1,0,1,15092.29099
3,42.87,2,650000,0,0,0,0,0,0,1,0,0,0,0,0,0,0,0,0,1,0,0,15162.11803
8,50.07,2,760000,0,0,0,0,0,0,0,0,0,0,0,0,0,1,0,0,0,0,0,15178.74975
4,44.39,2,675000,0,0,0,0,0,0,1,0,0,0,0,0,0,0,1,0,0,0,0,15206.12751
4,19.64,1,299000,0,0,1,0,0,0,0,0,0,0,0,0,0,1,0,0,0,0,0,15224.03259
6,37,1,565000,0,1,0,0,0,0,0,0,1,0,0,0,0,0,0,0,0,0,1,15270.27027
4,11.38,1,175000,0,0,0,0,1,0,0,0,0,0,1,0,0,0,0,0,0,0,0,15377.85589
3,34,2,525000,0,0,0,1,0,0,1,0,0,0,1,0,0,0,0,0,0,0,0,15441.17647
1,33.7,2,530000,0,0,0,0,0,0,0,0,0,0,0,0,0,0,0,0,0,0,0,15727.00297
19,22.88,1,364980,0,0,0,1,0,0,1,0,0,0,1,0,0,0,0,0,0,0,0,15951.92308
18,10.03,1,160000,1,0,0,0,0,0,0,0,0,0,0,0,0,0,0,0,0,0,0,15952.14357
8,35.04,1,562000,0,1,0,0,0,0,0,0,0,0,0,0,0,0,0,0,0,1,0,16038.81279
4,45.53,3,736000,0,0,0,0,0,0,1,0,0,0,0,0,0,0,0,0,0,0,0,16165.16582
6,26.13,1,424000,0,0,0,0,0,0,0,0,0,0,1,0,0,0,0,0,0,0,0,16226.55951
4,44,2,714000,0,0,0,0,0,0,0,0,0,0,0,0,0,0,0,0,0,0,0,16227.27273
4,31.77,1,519400,1,0,0,0,1,0,0,0,0,0,0,0,0,1,0,0,0,0,0,16348.75669
6,28.5,2,470000,0,0,0,0,0,0,0,0,0,0,0,0,0,0,0,0,0,0,0,16491.22807
6,17.91,1,299000,0,0,0,0,0,0,1,1,0,0,0,0,0,0,0,0,0,0,0,16694.58403
14,34.66,1,585000,0,0,0,0,0,0,0,0,0,0,0,0,0,0,0,0,0,0,0,16878.24582
14,34.66,2,585000,0,0,0,0,0,0,0,0,0,0,0,0,0,0,0,0,0,0,0,16878.24582
12,33.21,2,565000,0,0,0,0,0,0,0,0,0,0,0,0,0,0,0,0,0,0,0,17012.94791
7,12,1,216000,0,0,1,0,0,0,0,1,0,0,0,0,0,0,0,0,0,0,0,18000
6,19,1,357000,0,0,0,0,0,0,0,0,0,0,0,0,0,0,0,0,0,0,0,18789.47368
4,48.11,2,950000,0,0,0,0,0,0,0,0,0,0,1,0,0,0,0,0,0,0,0,19746.41447
4,48.11,2,950000,0,0,0,0,0,0,0,0,0,0,1,0,0,0,0,0,0,0,0,19746.41447
2,25.92,2,518000,0,0,0,0,0,0,0,0,0,0,0,0,0,0,0,0,0,0,0,19984.5679
